{
  "type": "FeatureCollection",
  "name": "SafeMyanmar Yangon hazards snapshot 2026-08-17",
  "metadata": {
    "country": "Myanmar",
    "target_region": "Yangon Region",
    "retrieved_at": "2026-08-17T13:42:17+00:00",
    "warning": "No route or location in this dataset is guaranteed safe. Current verified shelter, flood-zone, cyclone-warning and landslide-warning records for Yangon were not found in the checked public sources."
  },
  "features": [
    {
      "type": "Feature",
      "id": "dmh-yangon-weather-20260817-1600-mst",
      "geometry": {
        "type": "MultiPolygon",
        "coordinates": [
          [
            [
              [
                96.06180218800017,
                17.78886389200005
              ],
              [
                96.0563190250001,
                17.79695808500003
              ],
              [
                96.05262570000014,
                17.796060636999982
              ],
              [
                96.05183521200013,
                17.79521544400012
              ],
              [
                96.05158024200017,
                17.794942829000036
              ],
              [
                96.05179672500003,
                17.79370282000002
              ],
              [
                96.05190056200018,
                17.79310804000005
              ],
              [
                96.05224691600006,
                17.792515991000187
              ],
              [
                96.05234711100007,
                17.79234472200011
              ],
              [
                96.05269403000011,
                17.791829719000077
              ],
              [
                96.05300702400007,
                17.79132648600006
              ],
              [
                96.05321183800015,
                17.790846742000156
              ],
              [
                96.05339623600014,
                17.79041481500002
              ],
              [
                96.0533962470002,
                17.790414790000113
              ],
              [
                96.05334791100012,
                17.790275801000064
              ],
              [
                96.05317861900016,
                17.789789009000117
              ],
              [
                96.05317857300014,
                17.789788876000046
              ],
              [
                96.051900896,
                17.788347249000026
              ],
              [
                96.0519008650001,
                17.78834724000012
              ],
              [
                96.05105933300013,
                17.788098864000176
              ],
              [
                96.05060737600013,
                17.787965471000064
              ],
              [
                96.0499739500001,
                17.787946227000077
              ],
              [
                96.04797167700008,
                17.787885399
              ],
              [
                96.04662102000015,
                17.787896871999976
              ],
              [
                96.04426384400017,
                17.788122080000164
              ],
              [
                96.04353132200015,
                17.787999626000158
              ],
              [
                96.0434346080001,
                17.787983459000145
              ],
              [
                96.04326030300018,
                17.78795432100003
              ],
              [
                96.0427375980002,
                17.787823604000152
              ],
              [
                96.04252861700002,
                17.7877713420001
              ],
              [
                96.04229918900006,
                17.78771396700006
              ],
              [
                96.04229901200011,
                17.787713923000013
              ],
              [
                96.04182131800002,
                17.787487474000045
              ],
              [
                96.03986915900009,
                17.786562061000097
              ],
              [
                96.039307086,
                17.7857803710001
              ],
              [
                96.03885423600002,
                17.785150582000142
              ],
              [
                96.03851612500006,
                17.784545597999966
              ],
              [
                96.03849596900017,
                17.78450953400005
              ],
              [
                96.038206779,
                17.784358768000175
              ],
              [
                96.038027526,
                17.784265316000074
              ],
              [
                96.03761095100009,
                17.78404814000004
              ],
              [
                96.0374683980001,
                17.784073491000072
              ],
              [
                96.03664912,
                17.784219185999973
              ],
              [
                96.03656189300017,
                17.7842346970001
              ],
              [
                96.03549140400014,
                17.78411015400019
              ],
              [
                96.03540180300013,
                17.784099730000037
              ],
              [
                96.03525316000014,
                17.78408243700011
              ],
              [
                96.03487593600005,
                17.78351647800008
              ],
              [
                96.03457425700003,
                17.783063859000038
              ],
              [
                96.03437210300018,
                17.78230460700013
              ],
              [
                96.03392953300016,
                17.782045158000074
              ],
              [
                96.03363747400005,
                17.78194190300013
              ],
              [
                96.03316309800005,
                17.781774192
              ],
              [
                96.03319742300016,
                17.780614857000103
              ],
              [
                96.03323539700011,
                17.780568729000038
              ],
              [
                96.0340706990001,
                17.779554045000054
              ],
              [
                96.03440950800018,
                17.779155298000035
              ],
              [
                96.03262917300003,
                17.77823969700006
              ],
              [
                96.02942541000004,
                17.776592046000076
              ],
              [
                96.0255525500001,
                17.77173944900011
              ],
              [
                96.02190547300006,
                17.767169750000107
              ],
              [
                96.02190529600011,
                17.767169528000068
              ],
              [
                96.02132992000008,
                17.766626202000054
              ],
              [
                96.02065347600012,
                17.76590117000012
              ],
              [
                96.0206393150001,
                17.765885991000175
              ],
              [
                96.01924326300019,
                17.764711063000163
              ],
              [
                96.018865285,
                17.7643390610001
              ],
              [
                96.01801848100013,
                17.763505644000134
              ],
              [
                96.01735858400014,
                17.762910543000032
              ],
              [
                96.0164509720002,
                17.76202209800016
              ],
              [
                96.0163778110001,
                17.76192442400003
              ],
              [
                96.01626784800015,
                17.761777618000167
              ],
              [
                96.01590798900014,
                17.760825348000083
              ],
              [
                96.01573741600015,
                17.760373971000092
              ],
              [
                96.01574504100012,
                17.759450878000052
              ],
              [
                96.01576783500008,
                17.758512567000082
              ],
              [
                96.01539413900008,
                17.757680938000135
              ],
              [
                96.015238002,
                17.757599343000038
              ],
              [
                96.01508392700015,
                17.757518825000147
              ],
              [
                96.01487511500011,
                17.757409702000075
              ],
              [
                96.0146314160001,
                17.75738063000017
              ],
              [
                96.0145244270002,
                17.757367866000152
              ],
              [
                96.01351360500007,
                17.756612802000063
              ],
              [
                96.0135363120001,
                17.756557530000066
              ],
              [
                96.01354633500011,
                17.756533134
              ],
              [
                96.01367812500018,
                17.756212351000045
              ],
              [
                96.01381462300009,
                17.755880107000053
              ],
              [
                96.01426499400014,
                17.75555223900011
              ],
              [
                96.01555792800019,
                17.7553231280001
              ],
              [
                96.01622963900007,
                17.755090028000154
              ],
              [
                96.01655754600012,
                17.75497623700005
              ],
              [
                96.01663830400008,
                17.75492351200006
              ],
              [
                96.01691995300018,
                17.754739631000064
              ],
              [
                96.01709914600019,
                17.754385109
              ],
              [
                96.01709144000006,
                17.753434930000026
              ],
              [
                96.0164850720002,
                17.752237373000128
              ],
              [
                96.0163049480002,
                17.752011360000154
              ],
              [
                96.01591657,
                17.751524041000096
              ],
              [
                96.01553515400008,
                17.75114642
              ],
              [
                96.01541857300015,
                17.75102233700011
              ],
              [
                96.01505827000005,
                17.750638848000108
              ],
              [
                96.01486348200012,
                17.750384488
              ],
              [
                96.01479189300017,
                17.750291005
              ],
              [
                96.01465793600016,
                17.75011608
              ],
              [
                96.01449132900012,
                17.749846797000032
              ],
              [
                96.014320285,
                17.749570345000052
              ],
              [
                96.0143187330001,
                17.749567836000153
              ],
              [
                96.01407048300013,
                17.74916659600018
              ],
              [
                96.01371564700008,
                17.74870109300008
              ],
              [
                96.013551689,
                17.748516081000048
              ],
              [
                96.01354586400015,
                17.74850950700005
              ],
              [
                96.01352880100006,
                17.74849025400016
              ],
              [
                96.01352625800013,
                17.748487384999976
              ],
              [
                96.01352244400016,
                17.748483082000064
              ],
              [
                96.01338773500015,
                17.74833107500001
              ],
              [
                96.01343982800012,
                17.74817885500005
              ],
              [
                96.0134488160001,
                17.748152592999986
              ],
              [
                96.01344897400014,
                17.748152131000154
              ],
              [
                96.01358077200001,
                17.747767011000064
              ],
              [
                96.0138603640001,
                17.74695002800007
              ],
              [
                96.01376059900008,
                17.74652687700012
              ],
              [
                96.01370031300007,
                17.74627117600005
              ],
              [
                96.01344058000018,
                17.746238651000112
              ],
              [
                96.01341953400004,
                17.74623601500008
              ],
              [
                96.01241856600012,
                17.746110666999982
              ],
              [
                96.0120458360002,
                17.746012872000165
              ],
              [
                96.0115032670002,
                17.745870517000185
              ],
              [
                96.01100614600017,
                17.745409487000074
              ],
              [
                96.01099436600009,
                17.74539856200016
              ],
              [
                96.01034343500015,
                17.744794890000094
              ],
              [
                96.00985881700018,
                17.743570472000044
              ],
              [
                96.00976360700014,
                17.743329919000132
              ],
              [
                96.00971319000013,
                17.742438075000052
              ],
              [
                96.0097051510001,
                17.742295876000128
              ],
              [
                96.00967605100016,
                17.741781109000044
              ],
              [
                96.00947768999998,
                17.740575501000137
              ],
              [
                96.00753599500018,
                17.738553867
              ],
              [
                96.00753596300018,
                17.738553835
              ],
              [
                96.00865548600018,
                17.73608036200011
              ],
              [
                96.00883262100018,
                17.735689
              ],
              [
                96.00977750400011,
                17.73452941700009
              ],
              [
                96.00982093400017,
                17.734476120000068
              ],
              [
                96.00982093900006,
                17.73447608900011
              ],
              [
                96.01000013600009,
                17.733419356000184
              ],
              [
                96.01000014100015,
                17.733419330000174
              ],
              [
                96.009431839,
                17.73304169500011
              ],
              [
                96.00910074700016,
                17.732974609000053
              ],
              [
                96.00828338300005,
                17.732808995000028
              ],
              [
                96.00724594200011,
                17.732462026
              ],
              [
                96.00697039300013,
                17.732313240000167
              ],
              [
                96.00668025800019,
                17.732156578000172
              ],
              [
                96.00569669100008,
                17.731625486000098
              ],
              [
                96.00561318100006,
                17.731580394000105
              ],
              [
                96.00484663000015,
                17.73065761200013
              ],
              [
                96.00485726600016,
                17.73038962700008
              ],
              [
                96.00487325200004,
                17.729986857000142
              ],
              [
                96.00491114000016,
                17.729032329
              ],
              [
                96.00591452800006,
                17.727834822000148
              ],
              [
                96.00594665200003,
                17.72777596300017
              ],
              [
                96.00596975000019,
                17.727733641000043
              ],
              [
                95.99835414500006,
                17.72541584700008
              ],
              [
                95.9979363810001,
                17.725090920000127
              ],
              [
                95.99600421700012,
                17.723588127000028
              ],
              [
                95.99703597200016,
                17.721246836000034
              ],
              [
                95.9965342110001,
                17.720151862000023
              ],
              [
                95.99653409600018,
                17.72015161100012
              ],
              [
                95.99608841700018,
                17.720024497000054
              ],
              [
                95.99510372300006,
                17.719743649000122
              ],
              [
                95.99192978800005,
                17.71740532700005
              ],
              [
                95.99165832600016,
                17.716580160000092
              ],
              [
                95.99107132900019,
                17.714795849000154
              ],
              [
                95.99132345700008,
                17.711931147000087
              ],
              [
                95.99132346700009,
                17.71193102799998
              ],
              [
                95.99129607600003,
                17.711768689000166
              ],
              [
                95.99115990600012,
                17.710961655000176
              ],
              [
                95.99097978100008,
                17.70989411200003
              ],
              [
                95.99027035500018,
                17.709004929000116
              ],
              [
                95.98996934800005,
                17.708627652000075
              ],
              [
                95.98974485400015,
                17.7085226640001
              ],
              [
                95.98837853800006,
                17.707883688000152
              ],
              [
                95.98603220700016,
                17.70866591600003
              ],
              [
                95.98522372200017,
                17.710504320999974
              ],
              [
                95.98373971400008,
                17.71304886100006
              ],
              [
                95.98373961900018,
                17.713049025000032
              ],
              [
                95.98200958500001,
                17.713638028000048
              ],
              [
                95.97889108700014,
                17.714699744000143
              ],
              [
                95.97536619700014,
                17.719203770000092
              ],
              [
                95.97419123300011,
                17.716853844000184
              ],
              [
                95.97436632400013,
                17.716268113000126
              ],
              [
                95.97548484800012,
                17.712526321000155
              ],
              [
                95.975484881,
                17.71252621300016
              ],
              [
                95.97522419,
                17.71092998100005
              ],
              [
                95.97752029700001,
                17.705495859
              ],
              [
                95.97792220900004,
                17.702658521000103
              ],
              [
                95.97808979200016,
                17.70147545400016
              ],
              [
                95.97813135000007,
                17.70081052000006
              ],
              [
                95.97830360699999,
                17.698054422000098
              ],
              [
                95.97908691600009,
                17.694333704000087
              ],
              [
                95.97771612300005,
                17.689242195000077
              ],
              [
                95.97673698800014,
                17.686304786000107
              ],
              [
                95.9750436650001,
                17.68535652500009
              ],
              [
                95.97184130500017,
                17.68356320200013
              ],
              [
                95.96577066100008,
                17.680038312000136
              ],
              [
                95.96536031300002,
                17.6788365810001
              ],
              [
                95.96412926600004,
                17.675231374000134
              ],
              [
                95.96412918700014,
                17.675231142000143
              ],
              [
                95.96332734100002,
                17.675431994000064
              ],
              [
                95.96130935700006,
                17.67494747000012
              ],
              [
                95.96130910800014,
                17.674947410000073
              ],
              [
                95.9602066270001,
                17.671075601000098
              ],
              [
                95.96077530600019,
                17.670129574999976
              ],
              [
                95.96124993900014,
                17.669072177999965
              ],
              [
                95.96144301200019,
                17.668642047
              ],
              [
                95.96118420400012,
                17.66769763100001
              ],
              [
                95.96106142100012,
                17.667249584
              ],
              [
                95.9604240860001,
                17.66573882500012
              ],
              [
                95.96004347200005,
                17.66547465300016
              ],
              [
                95.95343354000005,
                17.66652622800018
              ],
              [
                95.94775454800003,
                17.666917883000167
              ],
              [
                95.94599210300015,
                17.66535126400015
              ],
              [
                95.94560044800016,
                17.65830148100008
              ],
              [
                95.94187973000015,
                17.65458076300007
              ],
              [
                95.94232810200009,
                17.648191461000067
              ],
              [
                95.94064665800005,
                17.63855806000015
              ],
              [
                95.9279341510001,
                17.634320147000096
              ],
              [
                95.9272857700002,
                17.634103999000104
              ],
              [
                95.92189638900004,
                17.63230736400004
              ],
              [
                95.90627106800014,
                17.632697771000153
              ],
              [
                95.90134347900016,
                17.619331850000094
              ],
              [
                95.89938520600009,
                17.61776523400016
              ],
              [
                95.89938520600009,
                17.61512447600012
              ],
              [
                95.89938520600009,
                17.61365286000006
              ],
              [
                95.8978185900001,
                17.610519623000073
              ],
              [
                95.89625197100008,
                17.60660307800009
              ],
              [
                95.8964343350001,
                17.60563046800013
              ],
              [
                95.89742693500011,
                17.60033660200014
              ],
              [
                95.89860189600012,
                17.59426595800005
              ],
              [
                95.89723110600016,
                17.58897862000009
              ],
              [
                95.89518548100011,
                17.58745004000008
              ],
              [
                95.89644779700012,
                17.581537183000137
              ],
              [
                95.89566448700015,
                17.577620637999985
              ],
              [
                95.89233542300019,
                17.573704091000025
              ],
              [
                95.89069795900008,
                17.573908773000085
              ],
              [
                95.89069788900008,
                17.573908782
              ],
              [
                95.89045899000013,
                17.573381402000052
              ],
              [
                95.89016535300004,
                17.573197788000186
              ],
              [
                95.88606895000015,
                17.574487400000123
              ],
              [
                95.87980247700011,
                17.575270710000098
              ],
              [
                95.87521567800007,
                17.571943235
              ],
              [
                95.8752155300001,
                17.571943283
              ],
              [
                95.87521524700014,
                17.571942960000058
              ],
              [
                95.87275269500014,
                17.57292078100005
              ],
              [
                95.87040276600015,
                17.576445674000126
              ],
              [
                95.86726953100015,
                17.576445674000126
              ],
              [
                95.86660554800017,
                17.574350332000108
              ],
              [
                95.86660366800004,
                17.574350104000132
              ],
              [
                95.86421308700005,
                17.574461215000156
              ],
              [
                95.85943643900004,
                17.574683229000073
              ],
              [
                95.85497903800012,
                17.570951597000033
              ],
              [
                95.85497856200004,
                17.57095119899998
              ],
              [
                95.85126304100004,
                17.57043265300007
              ],
              [
                95.85126278900003,
                17.570432618000154
              ],
              [
                95.85068782900004,
                17.569828860000143
              ],
              [
                95.84768680200017,
                17.570766682000112
              ],
              [
                95.8462226850001,
                17.568091137000124
              ],
              [
                95.84560503100016,
                17.567527696000127
              ],
              [
                95.84494209300016,
                17.56692314100013
              ],
              [
                95.8449119730002,
                17.56674937700012
              ],
              [
                95.84464422600013,
                17.565206640000156
              ],
              [
                95.84364843200018,
                17.563307336000037
              ],
              [
                95.8380912630002,
                17.563521073
              ],
              [
                95.8326080990002,
                17.56195445400016
              ],
              [
                95.8323668430001,
                17.55960219300016
              ],
              [
                95.83191872700013,
                17.55938530500015
              ],
              [
                95.83083915700018,
                17.55940437300012
              ],
              [
                95.82989728400014,
                17.55946292200008
              ],
              [
                95.82942746200018,
                17.559492197999987
              ],
              [
                95.8289466970001,
                17.55891960000008
              ],
              [
                95.82930537300012,
                17.55794307000008
              ],
              [
                95.82968311600018,
                17.55667299200013
              ],
              [
                95.82940142700005,
                17.55649386400006
              ],
              [
                95.8286571500002,
                17.556020737000097
              ],
              [
                95.8286571110001,
                17.556020548000163
              ],
              [
                95.82841276300013,
                17.55478851600003
              ],
              [
                95.82784918600015,
                17.55444626700006
              ],
              [
                95.82670402500014,
                17.553750992000175
              ],
              [
                95.82568550100007,
                17.553667068000152
              ],
              [
                95.8240756990001,
                17.551866531000087
              ],
              [
                95.82364463800008,
                17.551088333
              ],
              [
                95.8236446360001,
                17.551088276000087
              ],
              [
                95.82358360300009,
                17.549695969000084
              ],
              [
                95.8231481570001,
                17.549033598999983
              ],
              [
                95.82304201100004,
                17.54887203800007
              ],
              [
                95.8230419200001,
                17.548871989000133
              ],
              [
                95.82154999600016,
                17.54805540500007
              ],
              [
                95.8203548890001,
                17.54894811500003
              ],
              [
                95.81980690600017,
                17.548573357000123
              ],
              [
                95.81843871600012,
                17.548156952000056
              ],
              [
                95.81718949900005,
                17.547859519000042
              ],
              [
                95.81635668800016,
                17.547264654000116
              ],
              [
                95.81570233600019,
                17.546193896000148
              ],
              [
                95.81469106500009,
                17.545242112000096
              ],
              [
                95.81397722700018,
                17.544349814000157
              ],
              [
                95.8134418480002,
                17.542922137000062
              ],
              [
                95.81367979400017,
                17.541375488000085
              ],
              [
                95.814004506,
                17.538846833000036
              ],
              [
                95.81320390200005,
                17.53721143100006
              ],
              [
                95.81254955000009,
                17.53608118699998
              ],
              [
                95.81195468500016,
                17.534356077999973
              ],
              [
                95.81118136000003,
                17.53257148200015
              ],
              [
                95.81022957600015,
                17.531738671000028
              ],
              [
                95.80839728100017,
                17.530294151000078
              ],
              [
                95.8073748340002,
                17.529798494000033
              ],
              [
                95.8064442480001,
                17.528462666000166
              ],
              [
                95.80624353000002,
                17.528174541000055
              ],
              [
                95.80624354100013,
                17.52817443700019
              ],
              [
                95.8064655500001,
                17.526065346000053
              ],
              [
                95.80656306800017,
                17.525138923000043
              ],
              [
                95.80653586200009,
                17.524635602000046
              ],
              [
                95.80649269100013,
                17.52383694400004
              ],
              [
                95.8052446050001,
                17.522672924
              ],
              [
                95.80438799900008,
                17.521483194000155
              ],
              [
                95.80372175000008,
                17.519532036000044
              ],
              [
                95.80210371600015,
                17.51867543000003
              ],
              [
                95.80119952100006,
                17.517580878000047
              ],
              [
                95.80010496900007,
                17.516533915000025
              ],
              [
                95.79896282800019,
                17.515153827000063
              ],
              [
                95.7976779190002,
                17.514249632000087
              ],
              [
                95.79686890200009,
                17.513202669000066
              ],
              [
                95.79610263000012,
                17.51191086600005
              ],
              [
                95.79456287099998,
                17.511727561000043
              ],
              [
                95.7945627040001,
                17.511727541000084
              ],
              [
                95.79449902800013,
                17.51061622500015
              ],
              [
                95.79449237000011,
                17.510500029000127
              ],
              [
                95.79422923200019,
                17.509679727000105
              ],
              [
                95.79422921200018,
                17.50967966500008
              ],
              [
                95.79413553000006,
                17.509656989000177
              ],
              [
                95.7939659600001,
                17.509930911000083
              ],
              [
                95.79349006700005,
                17.510406803000024
              ],
              [
                95.79301417500011,
                17.510674492000078
              ],
              [
                95.79259777000004,
                17.510793465000063
              ],
              [
                95.79215162100013,
                17.510971925000092
              ],
              [
                95.7917054720001,
                17.51094218200018
              ],
              [
                95.79108086300005,
                17.51094218200018
              ],
              [
                95.79027779500018,
                17.511090898000077
              ],
              [
                95.78983164600015,
                17.511566790000188
              ],
              [
                95.78938549700007,
                17.511299101000134
              ],
              [
                95.78893934800004,
                17.510406803000024
              ],
              [
                95.78831474000003,
                17.51002014000011
              ],
              [
                95.787719874,
                17.509901167000123
              ],
              [
                95.78711475400007,
                17.509690129999967
              ],
              [
                95.78688922800006,
                17.509611477000135
              ],
              [
                95.78661937400011,
                17.50915758600013
              ],
              [
                95.78655988700007,
                17.508532977000073
              ],
              [
                95.78626245500016,
                17.50808682799999
              ],
              [
                95.78542964300016,
                17.507254017000093
              ],
              [
                95.7851619540001,
                17.506659152
              ],
              [
                95.78468606200016,
                17.505915570000127
              ],
              [
                95.78421016900018,
                17.50490429900003
              ],
              [
                95.78349633100004,
                17.504368920000047
              ],
              [
                95.78278249300013,
                17.504398664
              ],
              [
                95.78209839800013,
                17.503922772000067
              ],
              [
                95.78105738400012,
                17.50419046100012
              ],
              [
                95.7805220050002,
                17.503922772000067
              ],
              [
                95.77986765300005,
                17.503506366000124
              ],
              [
                95.7793620180002,
                17.50320893300011
              ],
              [
                95.77934307700014,
                17.502814611000133
              ],
              [
                95.77831505500018,
                17.5027270920001
              ],
              [
                95.7777439840001,
                17.502441557
              ],
              [
                95.77741086000003,
                17.501870486000087
              ],
              [
                95.77741086000003,
                17.500966291000168
              ],
              [
                95.7773632700002,
                17.500490399000057
              ],
              [
                95.77703014600019,
                17.500300042
              ],
              [
                95.7763163080001,
                17.500062096000022
              ],
              [
                95.77550729100005,
                17.499919328000146
              ],
              [
                95.77507898800019,
                17.49949102500011
              ],
              [
                95.77507898800019,
                17.498872366
              ],
              [
                95.77617354000017,
                17.498348884000052
              ],
              [
                95.77693496700005,
                17.49787299200011
              ],
              [
                95.777648806,
                17.49734951100004
              ],
              [
                95.77869576900008,
                17.49658808300012
              ],
              [
                95.77921330100008,
                17.495586726000113
              ],
              [
                95.77921330100008,
                17.494278023000106
              ],
              [
                95.77962970700008,
                17.493326239000055
              ],
              [
                95.78004134700018,
                17.492868861000034
              ],
              [
                95.780700465,
                17.4921365080001
              ],
              [
                95.7811763570001,
                17.49118472400005
              ],
              [
                95.78165224900005,
                17.49035191200005
              ],
              [
                95.78165224900005,
                17.48850783000006
              ],
              [
                95.78165224900005,
                17.486782721000054
              ],
              [
                95.78189019500002,
                17.48511709799999
              ],
              [
                95.78189019500002,
                17.48297558300004
              ],
              [
                95.78230660100002,
                17.48071509500005
              ],
              [
                95.78278249300013,
                17.47845460700006
              ],
              [
                95.78337735800005,
                17.476015660000144
              ],
              [
                95.78379376400005,
                17.472922360000155
              ],
              [
                95.78397222299998,
                17.470899819000067
              ],
              [
                95.78379376400005,
                17.469353169000158
              ],
              [
                95.78337735800005,
                17.46649781600007
              ],
              [
                95.78275581400015,
                17.464899634000176
              ],
              [
                95.7821519360001,
                17.464618042000154
              ],
              [
                95.78150948100017,
                17.46486788500016
              ],
              [
                95.78047441600006,
                17.465938642000026
              ],
              [
                95.77861843600016,
                17.46836569300018
              ],
              [
                95.77754767900012,
                17.470257364000133
              ],
              [
                95.77576308300007,
                17.47200626800003
              ],
              [
                95.77451386600018,
                17.47321979300017
              ],
              [
                95.7735030520002,
                17.473903500000176
              ],
              [
                95.77272927000013,
                17.47432624200013
              ],
              [
                95.77222958300007,
                17.474147783000035
              ],
              [
                95.77183697200019,
                17.473469636000175
              ],
              [
                95.77172989700011,
                17.47257733900011
              ],
              [
                95.77187266400011,
                17.471613657000148
              ],
              [
                95.77183782200007,
                17.470578278
              ],
              [
                95.77130170100003,
                17.469507724000096
              ],
              [
                95.77015945200014,
                17.468472768000083
              ],
              [
                95.76848193200004,
                17.46761616200007
              ],
              [
                95.76673302800015,
                17.466830940000136
              ],
              [
                95.76519827600015,
                17.466331253000078
              ],
              [
                95.76348506400018,
                17.466331253000078
              ],
              [
                95.75976851700005,
                17.467134114000146
              ],
              [
                95.75654674700013,
                17.469090187000063
              ],
              [
                95.7548646620001,
                17.47011145200014
              ],
              [
                95.75339020100006,
                17.47039269600009
              ],
              [
                95.7522004700001,
                17.470511669000075
              ],
              [
                95.75136765900004,
                17.470273723000105
              ],
              [
                95.74988049600017,
                17.46902450600004
              ],
              [
                95.74825900100006,
                17.46849236700018
              ],
              [
                95.74605243500008,
                17.470698933000165
              ],
              [
                95.7415484070001,
                17.476769580000166
              ],
              [
                95.73645689800009,
                17.47755289000014
              ],
              [
                95.73612696700008,
                17.47808444500015
              ],
              [
                95.73613799800017,
                17.477992338000092
              ],
              [
                95.7363949120001,
                17.4758469250001
              ],
              [
                95.73009839200012,
                17.469403246000127
              ],
              [
                95.72345777700019,
                17.461980781000022
              ],
              [
                95.71714485000001,
                17.45781966000004
              ],
              [
                95.70627012100005,
                17.45065166000012
              ],
              [
                95.68986368700007,
                17.44205710300014
              ],
              [
                95.69012634300014,
                17.437242983999965
              ],
              [
                95.69028050500009,
                17.434417416000144
              ],
              [
                95.69103594100011,
                17.420571356000096
              ],
              [
                95.69025487600004,
                17.40846118500002
              ],
              [
                95.68591277500002,
                17.402448572000026
              ],
              [
                95.68517676600015,
                17.401429402000076
              ],
              [
                95.68038688600012,
                17.398413313
              ],
              [
                95.67462979000004,
                17.394788187000074
              ],
              [
                95.65861389000003,
                17.392053391000104
              ],
              [
                95.6520161630001,
                17.391158641000175
              ],
              [
                95.6355666070001,
                17.388927838000086
              ],
              [
                95.62990342400008,
                17.38798384300003
              ],
              [
                95.62619144500013,
                17.387365094000074
              ],
              [
                95.61994143000004,
                17.380723945000113
              ],
              [
                95.61837903400004,
                17.372520265000105
              ],
              [
                95.61906300000015,
                17.36192077900006
              ],
              [
                95.61916048000006,
                17.360410126000033
              ],
              [
                95.61800609000011,
                17.34847924600018
              ],
              [
                95.61798874300018,
                17.34829996400009
              ],
              [
                95.61799865400002,
                17.348298611000075
              ],
              [
                95.62684770100009,
                17.34708982000012
              ],
              [
                95.63013649300007,
                17.347555358000136
              ],
              [
                95.63043716700008,
                17.347556732000044
              ],
              [
                95.63336058900018,
                17.347570097000187
              ],
              [
                95.63343181600015,
                17.347570423000036
              ],
              [
                95.63813592100007,
                17.34713928400015
              ],
              [
                95.63908135200006,
                17.34669268500005
              ],
              [
                95.63942639599998,
                17.345073038000066
              ],
              [
                95.64339009600002,
                17.344438847000106
              ],
              [
                95.6473516870002,
                17.346617723000065
              ],
              [
                95.65047375100005,
                17.34937954900016
              ],
              [
                95.65250176000006,
                17.351173556000163
              ],
              [
                95.65527487400016,
                17.35592746700013
              ],
              [
                95.65876562900007,
                17.362588559000073
              ],
              [
                95.66158849800013,
                17.362600087000146
              ],
              [
                95.66206529600015,
                17.361246046000076
              ],
              [
                95.66348019100008,
                17.36079981600011
              ],
              [
                95.66489590100014,
                17.359452663000127
              ],
              [
                95.66537269100019,
                17.358098620000078
              ],
              [
                95.66679144900013,
                17.356748412000115
              ],
              [
                95.66820328300008,
                17.356302178000135
              ],
              [
                95.67056786200004,
                17.354054873999985
              ],
              [
                95.67172408900007,
                17.353614855000103
              ],
              [
                95.67292206000013,
                17.353158950000136
              ],
              [
                95.67387520400013,
                17.350904367
              ],
              [
                95.67810986000006,
                17.35046959900012
              ],
              [
                95.67952898800002,
                17.34866891000007
              ],
              [
                95.68376323299998,
                17.34868763200018
              ],
              [
                95.68423653800016,
                17.347784040000022
              ],
              [
                95.68659376000016,
                17.346891134000032
              ],
              [
                95.6884896150001,
                17.34373637500005
              ],
              [
                95.68945079800011,
                17.339223359000016
              ],
              [
                95.68958786299999,
                17.338706199000057
              ],
              [
                95.69040812700018,
                17.335611266000058
              ],
              [
                95.6924552690001,
                17.33483321200015
              ],
              [
                95.6924553140002,
                17.334833216000163
              ],
              [
                95.69245705800017,
                17.334833367000044
              ],
              [
                95.6924571990001,
                17.33483314500006
              ],
              [
                95.69245809800009,
                17.334831562000034
              ],
              [
                95.69538345600017,
                17.33312592200008
              ],
              [
                95.69743980100009,
                17.331926963000114
              ],
              [
                95.69837003400005,
                17.323322301000132
              ],
              [
                95.6985858610002,
                17.321325900000033
              ],
              [
                95.6998537140002,
                17.31163570700005
              ],
              [
                95.70065668900014,
                17.310358701999974
              ],
              [
                95.70089096300018,
                17.308219996000105
              ],
              [
                95.70237574700008,
                17.305535964000114
              ],
              [
                95.70414606600008,
                17.303023253000106
              ],
              [
                95.70631613400008,
                17.300453435000122
              ],
              [
                95.7074011680001,
                17.298797330000127
              ],
              [
                95.70784394400016,
                17.29819676
              ],
              [
                95.70778664100015,
                17.29586702400013
              ],
              [
                95.70808407400017,
                17.29313064400003
              ],
              [
                95.70772715400011,
                17.290394264000156
              ],
              [
                95.70689434300004,
                17.287717370000166
              ],
              [
                95.70588307200012,
                17.28515944900016
              ],
              [
                95.7065969100002,
                17.28307742100003
              ],
              [
                95.70671588300019,
                17.281411798000136
              ],
              [
                95.70606153200015,
                17.278615932000093
              ],
              [
                95.7057125550001,
                17.276928196000085
              ],
              [
                95.70309642000012,
                17.27505302999998
              ],
              [
                95.70324907800011,
                17.273664293000138
              ],
              [
                95.70312700200014,
                17.273183503000098
              ],
              [
                95.702413563,
                17.272718081000164
              ],
              [
                95.70249234000005,
                17.272012927000105
              ],
              [
                95.70246259700014,
                17.27126934600011
              ],
              [
                95.70209394700004,
                17.27074631500011
              ],
              [
                95.70139183900005,
                17.270496021000156
              ],
              [
                95.70091594700011,
                17.2702283320001
              ],
              [
                95.70100517700018,
                17.269365777000075
              ],
              [
                95.70154055600017,
                17.268562709000093
              ],
              [
                95.701808245,
                17.26770015400001
              ],
              [
                95.70216516400018,
                17.26674837000013
              ],
              [
                95.70240311000015,
                17.26591555800013
              ],
              [
                95.70276003000015,
                17.26535043600012
              ],
              [
                95.70296823200016,
                17.26448788199997
              ],
              [
                95.70338463800016,
                17.264249936
              ],
              [
                95.7037035620001,
                17.26452114400007
              ],
              [
                95.70463385500005,
                17.265082747000065
              ],
              [
                95.70505026100005,
                17.26535043600012
              ],
              [
                95.705674869,
                17.265409923000163
              ],
              [
                95.70609127500018,
                17.26529095000018
              ],
              [
                95.70638870800019,
                17.264755571000023
              ],
              [
                95.70644819400013,
                17.263803787000143
              ],
              [
                95.70597230200019,
                17.263149435000173
              ],
              [
                95.70522872000015,
                17.26285200200016
              ],
              [
                95.70460411200014,
                17.26261405600019
              ],
              [
                95.70424873900015,
                17.262412678000032
              ],
              [
                95.70371181400003,
                17.262108421
              ],
              [
                95.70323592200009,
                17.26172175800008
              ],
              [
                95.7031169490001,
                17.26109715000007
              ],
              [
                95.70365232699999,
                17.2601751090001
              ],
              [
                95.70436616600017,
                17.259401784000147
              ],
              [
                95.70484205800011,
                17.258896149000122
              ],
              [
                95.70460411200014,
                17.258182310000166
              ],
              [
                95.70421744900005,
                17.257974107000052
              ],
              [
                95.70305746200006,
                17.25726026900014
              ],
              [
                95.70215546800006,
                17.256234115000154
              ],
              [
                95.70127598400012,
                17.255409243000145
              ],
              [
                95.70098433500004,
                17.254766162000124
              ],
              [
                95.70083043900013,
                17.254426823000188
              ],
              [
                95.69973565000004,
                17.252988557000037
              ],
              [
                95.69915889200013,
                17.24683195500006
              ],
              [
                95.69795790800003,
                17.244910381000068
              ],
              [
                95.69777386900017,
                17.24510955100004
              ],
              [
                95.69691726300016,
                17.24465269500007
              ],
              [
                95.69649847800008,
                17.24391030300012
              ],
              [
                95.69661269200009,
                17.243320197000116
              ],
              [
                95.69720279800009,
                17.242749126000035
              ],
              [
                95.69811651100008,
                17.242044806000024
              ],
              [
                95.69855433200019,
                17.24141662800008
              ],
              [
                95.69893504600003,
                17.240579058000094
              ],
              [
                95.6988969750002,
                17.23995088000015
              ],
              [
                95.69875992600015,
                17.239277796000067
              ],
              [
                95.69842108200015,
                17.238389954000127
              ],
              [
                95.69830686800015,
                17.237875990000077
              ],
              [
                95.69781194,
                17.237628526000037
              ],
              [
                95.69745026200013,
                17.237799847000076
              ],
              [
                95.69672690600015,
                17.238466096000025
              ],
              [
                95.69579415700014,
                17.239284631000032
              ],
              [
                95.69522308700016,
                17.23972245200008
              ],
              [
                95.69467105200005,
                17.24019834400019
              ],
              [
                95.69441238400015,
                17.240270196000097
              ],
              [
                95.69398576700007,
                17.24038870100003
              ],
              [
                95.69358601800013,
                17.240540986000155
              ],
              [
                95.69318472000015,
                17.240585130000056
              ],
              [
                95.69303636200016,
                17.24018763600003
              ],
              [
                95.69289359400005,
                17.239402414000097
              ],
              [
                95.69282221100008,
                17.238938419000135
              ],
              [
                95.69207268000014,
                17.23858150000018
              ],
              [
                95.69121607400018,
                17.238331657
              ],
              [
                95.6905379280002,
                17.237296591000188
              ],
              [
                95.68982409000012,
                17.236047374000123
              ],
              [
                95.68918163500012,
                17.234476930000028
              ],
              [
                95.6891102510001,
                17.233299096999986
              ],
              [
                95.6891102510001,
                17.231871420000118
              ],
              [
                95.689574246,
                17.230693587000076
              ],
              [
                95.6902523930001,
                17.229515754000033
              ],
              [
                95.69107330700018,
                17.228016693000086
              ],
              [
                95.69260805900012,
                17.22626778900019
              ],
              [
                95.69382158400009,
                17.22401919900011
              ],
              [
                95.69518382600018,
                17.221467227000176
              ],
              [
                95.69640329900011,
                17.218135981000046
              ],
              [
                95.69774174600008,
                17.21578626400003
              ],
              [
                95.6990801930001,
                17.214031411000065
              ],
              [
                95.70050787000014,
                17.212901166999984
              ],
              [
                95.70172734300007,
                17.212573991000113
              ],
              [
                95.703303736,
                17.212187329000074
              ],
              [
                95.70529653500017,
                17.211473491000163
              ],
              [
                95.70624237100009,
                17.210712063000074
              ],
              [
                95.70676585200016,
                17.21004581400007
              ],
              [
                95.70681344100007,
                17.20914161900015
              ],
              [
                95.70676585200016,
                17.207999478000033
              ],
              [
                95.7065754950001,
                17.20647662300007
              ],
              [
                95.70705138700004,
                17.205477249000182
              ],
              [
                95.70786040400009,
                17.204239929000096
              ],
              [
                95.70975995500015,
                17.202422104999982
              ],
              [
                95.71028732000019,
                17.20264811900006
              ],
              [
                95.71079110700003,
                17.20223602600015
              ],
              [
                95.71156443200016,
                17.202146797000125
              ],
              [
                95.71233775700011,
                17.202295513000024
              ],
              [
                95.71287313500017,
                17.202682175
              ],
              [
                95.71360342900005,
                17.203485859000068
              ],
              [
                95.71406286600012,
                17.20402062200003
              ],
              [
                95.71522285300006,
                17.204377541000156
              ],
              [
                95.71632335400011,
                17.204228825000087
              ],
              [
                95.71744226000015,
                17.203876324000134
              ],
              [
                95.71807820600014,
                17.203485243000046
              ],
              [
                95.71908947700007,
                17.203574473000117
              ],
              [
                95.72057226200013,
                17.204006741
              ],
              [
                95.72063411900018,
                17.204009318000146
              ],
              [
                95.72202146500001,
                17.20406712400012
              ],
              [
                95.72381270700009,
                17.20315806800005
              ],
              [
                95.72549022700014,
                17.202301462000037
              ],
              [
                95.72734620700004,
                17.201766083000052
              ],
              [
                95.72909511100016,
                17.20126639600005
              ],
              [
                95.73055847900008,
                17.201302088000148
              ],
              [
                95.73275308100017,
                17.201255263000064
              ],
              [
                95.73319254300009,
                17.20112838700004
              ],
              [
                95.734096738,
                17.201271155000143
              ],
              [
                95.73438227300011,
                17.201747047000083
              ],
              [
                95.73462493300013,
                17.202939797
              ],
              [
                95.7341919160001,
                17.205078293000042
              ],
              [
                95.73414432700014,
                17.206172845000026
              ],
              [
                95.73495334400019,
                17.207267397000123
              ],
              [
                95.73557200400006,
                17.20745775400019
              ],
              [
                95.73647619899998,
                17.207314986000085
              ],
              [
                95.73715285900005,
                17.206531258000098
              ],
              [
                95.737523162,
                17.205696952000153
              ],
              [
                95.7379038750002,
                17.204554811000037
              ],
              [
                95.73809423200004,
                17.203603026999986
              ],
              [
                95.73837976800019,
                17.202460886000097
              ],
              [
                95.73871289200008,
                17.201556690000075
              ],
              [
                95.73928396300016,
                17.200842852000164
              ],
              [
                95.74085440700003,
                17.200842852000164
              ],
              [
                95.74171101300004,
                17.201318744000105
              ],
              [
                95.74274765400014,
                17.201798838
              ],
              [
                95.74375735000018,
                17.20203258300012
              ],
              [
                95.7446615450001,
                17.201747047000083
              ],
              [
                95.74556574000007,
                17.201604280000083
              ],
              [
                95.7465261170002,
                17.20084252500004
              ],
              [
                95.7467554700001,
                17.199795889000143
              ],
              [
                95.74713618400011,
                17.19846339100019
              ],
              [
                95.74770725500002,
                17.197749553000108
              ],
              [
                95.74804037900009,
                17.197273661000168
              ],
              [
                95.74876669800005,
                17.197265412000093
              ],
              [
                95.74980118000019,
                17.197511607000138
              ],
              [
                95.75113367900002,
                17.197464017000073
              ],
              [
                95.75303724700018,
                17.196691800000053
              ],
              [
                95.75446492400005,
                17.19579839500011
              ],
              [
                95.75546429800016,
                17.195370092000132
              ],
              [
                95.75693956300012,
                17.19408518300014
              ],
              [
                95.75798652600014,
                17.19280027400015
              ],
              [
                95.75927143500013,
                17.191658133000033
              ],
              [
                95.76127018300014,
                17.190563580000173
              ],
              [
                95.76260268100009,
                17.189849742000092
              ],
              [
                95.76374482200015,
                17.18899313600008
              ],
              [
                95.7646966060002,
                17.188184119000027
              ],
              [
                95.76502973100014,
                17.187375103000022
              ],
              [
                95.76502973100014,
                17.186423318000095
              ],
              [
                95.76479178500017,
                17.185661891000052
              ],
              [
                95.76442236500014,
                17.18484415100005
              ],
              [
                95.7625550910002,
                17.18461492800003
              ],
              [
                95.7615081290001,
                17.18437698200006
              ],
              [
                95.76046116600008,
                17.184091447000128
              ],
              [
                95.75989009500017,
                17.183234841000115
              ],
              [
                95.75989009500017,
                17.182568592000166
              ],
              [
                95.76006470300001,
                17.181070005000095
              ],
              [
                95.76093896200018,
                17.179386062000106
              ],
              [
                95.76233094600008,
                17.178172537000137
              ],
              [
                95.76372293100019,
                17.177637159000085
              ],
              [
                95.7654917390002,
                17.1769955150001
              ],
              [
                95.76591692800008,
                17.17663574000011
              ],
              [
                95.76906859400009,
                17.17548967700003
              ],
              [
                95.77108898800014,
                17.175994777000085
              ],
              [
                95.77197966099999,
                17.176566401000116
              ],
              [
                95.77334785100004,
                17.17716126600004
              ],
              [
                95.77477552700003,
                17.17748844200014
              ],
              [
                95.77531090600002,
                17.177458699000056
              ],
              [
                95.77608423100014,
                17.17686383400013
              ],
              [
                95.77653038000005,
                17.17638794200019
              ],
              [
                95.7772107770001,
                17.17545570400017
              ],
              [
                95.77932720500007,
                17.173961754000175
              ],
              [
                95.78046243900002,
                17.17371104800003
              ],
              [
                95.7810335100001,
                17.17328274500005
              ],
              [
                95.78156888800004,
                17.17289013400017
              ],
              [
                95.78236153300014,
                17.17172195000012
              ],
              [
                95.7826753380001,
                17.170034781000084
              ],
              [
                95.7828181050001,
                17.168964023000115
              ],
              [
                95.78320596800012,
                17.167909350000173
              ],
              [
                95.78287473700016,
                17.167276999000137
              ],
              [
                95.78168500600003,
                17.165944501000013
              ],
              [
                95.78013427300004,
                17.164701175000175
              ],
              [
                95.77887724200008,
                17.163565040000037
              ],
              [
                95.77873447500008,
                17.162470487000178
              ],
              [
                95.77906759900009,
                17.161518703000127
              ],
              [
                95.78006697299998,
                17.161280757000156
              ],
              [
                95.78220977500018,
                17.16131046100014
              ],
              [
                95.78401687800005,
                17.160900043000083
              ],
              [
                95.78530178700004,
                17.160804865000046
              ],
              [
                95.78668187400012,
                17.16028138300004
              ],
              [
                95.78777642600011,
                17.15947236700009
              ],
              [
                95.7882651110001,
                17.158585283000036
              ],
              [
                95.78763365900011,
                17.156521835000035
              ],
              [
                95.7869674100001,
                17.15509415800011
              ],
              [
                95.78644392800015,
                17.153618892999987
              ],
              [
                95.78569007500005,
                17.152244489000168
              ],
              [
                95.78401687800005,
                17.151572556000076
              ],
              [
                95.78270299600007,
                17.151408475999972
              ],
              [
                95.78192295200017,
                17.152571929999965
              ],
              [
                95.78092357900016,
                17.153047822000076
              ],
              [
                95.78006697299998,
                17.15338094600014
              ],
              [
                95.77844893900004,
                17.15314300000017
              ],
              [
                95.77735438700012,
                17.152524340000127
              ],
              [
                95.77625983500013,
                17.151524967000114
              ],
              [
                95.7761170670002,
                17.150715950000063
              ],
              [
                95.77630742400004,
                17.14943104100007
              ],
              [
                95.77730679800015,
                17.148526846000152
              ],
              [
                95.77825858200003,
                17.147860596999976
              ],
              [
                95.78016215100007,
                17.147289526000066
              ],
              [
                95.78224829300018,
                17.146551645000045
              ],
              [
                95.78320786100016,
                17.144933860000037
              ],
              [
                95.783398218,
                17.143648951000046
              ],
              [
                95.78401687800005,
                17.14231645300009
              ],
              [
                95.7851114300002,
                17.141792971000143
              ],
              [
                95.78649151700006,
                17.141792971000143
              ],
              [
                95.78839760600016,
                17.142329732000064
              ],
              [
                95.78951601700004,
                17.14189479400011
              ],
              [
                95.79096512800015,
                17.14133125100011
              ],
              [
                95.79147725400003,
                17.141132091000145
              ],
              [
                95.79134561800015,
                17.139794224000013
              ],
              [
                95.79091731500017,
                17.138461726000116
              ],
              [
                95.79034624400009,
                17.137414763000095
              ],
              [
                95.78963240600018,
                17.13617744300018
              ],
              [
                95.78963240600018,
                17.134654588000046
              ],
              [
                95.78987035200015,
                17.133845572000098
              ],
              [
                95.79084374800004,
                17.132798918000162
              ],
              [
                95.792392581,
                17.132988966000084
              ],
              [
                95.79358231100002,
                17.13270343000005
              ],
              [
                95.79413436900006,
                17.13216116200016
              ],
              [
                95.79500998800012,
                17.131180575000087
              ],
              [
                95.79577141500016,
                17.129562542000087
              ],
              [
                95.79615212900006,
                17.128134865000163
              ],
              [
                95.79619971800014,
                17.125184333000107
              ],
              [
                95.79681837800018,
                17.122757283
              ],
              [
                95.79753221600009,
                17.12118683900013
              ],
              [
                95.79976891000007,
                17.118759789000023
              ],
              [
                95.80257667400002,
                17.11690380900012
              ],
              [
                95.80595550800018,
                17.115095419000056
              ],
              [
                95.80724041700017,
                17.114191224000137
              ],
              [
                95.80790666600018,
                17.11295390400005
              ],
              [
                95.8082873800002,
                17.112049709000132
              ],
              [
                95.8081446130002,
                17.111050335000016
              ],
              [
                95.80755319100012,
                17.109742638000114
              ],
              [
                95.8067586090001,
                17.10938350200007
              ],
              [
                95.80572080400015,
                17.108914434000155
              ],
              [
                95.80543689100017,
                17.10872540800011
              ],
              [
                95.80370739400018,
                17.107573929000182
              ],
              [
                95.80128034300014,
                17.10695526900014
              ],
              [
                95.798758115,
                17.106336610000028
              ],
              [
                95.79737802700004,
                17.105480004000185
              ],
              [
                95.79685454600019,
                17.104195095000023
              ],
              [
                95.79709249200016,
                17.10305295300003
              ],
              [
                95.79775874100011,
                17.10210116900015
              ],
              [
                95.79951954200004,
                17.100911438000026
              ],
              [
                95.80113757600014,
                17.099626530000137
              ],
              [
                95.80289845300013,
                17.096815134
              ],
              [
                95.80316389900003,
                17.096124975
              ],
              [
                95.80316389900003,
                17.093011628000113
              ],
              [
                95.8022229820001,
                17.09042015100016
              ],
              [
                95.80196800800013,
                17.088211065000166
              ],
              [
                95.80196800800013,
                17.08578401500006
              ],
              [
                95.80263425700008,
                17.083309376000045
              ],
              [
                95.80353845200005,
                17.081358218000105
              ],
              [
                95.80471851100009,
                17.07995879000009
              ],
              [
                95.80625103700004,
                17.07912152400013
              ],
              [
                95.80706005400009,
                17.078931167000064
              ],
              [
                95.80829737400018,
                17.079311881000137
              ],
              [
                95.80958228300017,
                17.08035884399999
              ],
              [
                95.81062924600019,
                17.082547948000126
              ],
              [
                95.81153344100011,
                17.08411839200005
              ],
              [
                95.81334183100017,
                17.08611714
              ],
              [
                95.81610200600005,
                17.088306244000137
              ],
              [
                95.81738691500004,
                17.08963874200009
              ],
              [
                95.81929048400008,
                17.091685078000125
              ],
              [
                95.82019467900017,
                17.093112755
              ],
              [
                95.82143199900003,
                17.09435007500008
              ],
              [
                95.82228860500004,
                17.09563498400007
              ],
              [
                95.82271690800007,
                17.096729536000055
              ],
              [
                95.82309762100004,
                17.097919266000076
              ],
              [
                95.82358859000004,
                17.09920347400009
              ],
              [
                95.82355289800012,
                17.100858333000133
              ],
              [
                95.8235528940001,
                17.100858506000066
              ],
              [
                95.82432326900016,
                17.10251355700018
              ],
              [
                95.82453957500013,
                17.103903611000078
              ],
              [
                95.82516418300014,
                17.105242057000112
              ],
              [
                95.82590776500018,
                17.10640204500004
              ],
              [
                95.82685954900006,
                17.10669947700012
              ],
              [
                95.82852517200013,
                17.107175370000164
              ],
              [
                95.82974464600011,
                17.107651262000104
              ],
              [
                95.83089707300019,
                17.10758200600003
              ],
              [
                95.83184452000012,
                17.107341932000054
              ],
              [
                95.83311199000019,
                17.106801012000062
              ],
              [
                95.83384326700008,
                17.1046769350001
              ],
              [
                95.83498540900007,
                17.103534793999984
              ],
              [
                95.836079961,
                17.102916134000168
              ],
              [
                95.83679379900013,
                17.101488458000176
              ],
              [
                95.83736487000004,
                17.10048908400006
              ],
              [
                95.83693656700018,
                17.09901381800006
              ],
              [
                95.83693656700018,
                17.09796685500004
              ],
              [
                95.83709466200003,
                17.0969655830001
              ],
              [
                95.83478368000016,
                17.094111047000183
              ],
              [
                95.83478321000013,
                17.09411046700012
              ],
              [
                95.83397651500007,
                17.093355336000116
              ],
              [
                95.83175885900005,
                17.092732041000147
              ],
              [
                95.8298077010001,
                17.092874809000023
              ],
              [
                95.82852279200011,
                17.093969361
              ],
              [
                95.82695234800019,
                17.094635610000182
              ],
              [
                95.82602054000017,
                17.094704276000186
              ],
              [
                95.82485842300002,
                17.094635610000182
              ],
              [
                95.82447770900018,
                17.0940645390001
              ],
              [
                95.82433494100007,
                17.092494095000177
              ],
              [
                95.82435397700004,
                17.08906767100018
              ],
              [
                95.82435397700004,
                17.088118266000038
              ],
              [
                95.82471089600017,
                17.086631103000173
              ],
              [
                95.82518678800011,
                17.085084454000025
              ],
              [
                95.82560319400011,
                17.083299858000146
              ],
              [
                95.82584114000008,
                17.08211012700002
              ],
              [
                95.82584114000008,
                17.081098856000096
              ],
              [
                95.82578165300004,
                17.079195288
              ],
              [
                95.82542473400008,
                17.077589151000097
              ],
              [
                95.82554370700007,
                17.07610198800006
              ],
              [
                95.82691189700012,
                17.073900987000115
              ],
              [
                95.82839906100008,
                17.07271125600016
              ],
              [
                95.8312515570002,
                17.070741678000104
              ],
              [
                95.83244414400019,
                17.067357469000115
              ],
              [
                95.83330166200011,
                17.06501358700018
              ],
              [
                95.83333644200013,
                17.064918522000028
              ],
              [
                95.83322564700012,
                17.0634781870001
              ],
              [
                95.83315798300004,
                17.062598547000164
              ],
              [
                95.83160915200006,
                17.060146515000156
              ],
              [
                95.83095715400009,
                17.059766803000173
              ],
              [
                95.82945164800003,
                17.056353119000164
              ],
              [
                95.82974193900014,
                17.05584511000012
              ],
              [
                95.83083800800017,
                17.05242635100018
              ],
              [
                95.83137338700016,
                17.050760729
              ],
              [
                95.8310164680002,
                17.04861921400004
              ],
              [
                95.83096255599997,
                17.048568298000077
              ],
              [
                95.82903577299999,
                17.046748557000058
              ],
              [
                95.8288749530002,
                17.04659667200019
              ],
              [
                95.82554370700007,
                17.045406941000067
              ],
              [
                95.82369962500007,
                17.044633616000112
              ],
              [
                95.82250989500005,
                17.043265426000062
              ],
              [
                95.82161759700011,
                17.041778263000026
              ],
              [
                95.82092783700006,
                17.040352220000102
              ],
              [
                95.82092783800016,
                17.03881583400016
              ],
              [
                95.8197021310001,
                17.03560356200012
              ],
              [
                95.81963074700008,
                17.033176512000182
              ],
              [
                95.8197021310001,
                17.029892856000117
              ],
              [
                95.82074033000009,
                17.026101258000097
              ],
              [
                95.82127005800004,
                17.024038668000117
              ],
              [
                95.8214790090002,
                17.023225081000078
              ],
              [
                95.82241366400018,
                17.020908346000112
              ],
              [
                95.8240198000002,
                17.019183237000107
              ],
              [
                95.82604234200005,
                17.01817196600001
              ],
              [
                95.82854077600018,
                17.01858837200001
              ],
              [
                95.8309797230001,
                17.019421183000077
              ],
              [
                95.83329969800013,
                17.019659129000047
              ],
              [
                95.83627402399998,
                17.019659129000047
              ],
              [
                95.83961206800012,
                17.019372574000045
              ],
              [
                95.84241647800019,
                17.017619818000185
              ],
              [
                95.84470859900006,
                17.012749061000136
              ],
              [
                95.84943719900014,
                17.00644426000008
              ],
              [
                95.85106342700004,
                17.005872697000143
              ],
              [
                95.85339529800018,
                17.005313023000042
              ],
              [
                95.85539404600013,
                17.005313023000042
              ],
              [
                95.85645648300004,
                17.005150706
              ],
              [
                95.8575595710002,
                17.004982179000024
              ],
              [
                95.85882046900008,
                17.00478954200014
              ],
              [
                95.86111753000012,
                17.004673813000068
              ],
              [
                95.86386723600009,
                17.003553563000082
              ],
              [
                95.86613930100009,
                17.00142575500007
              ],
              [
                95.86743411800018,
                16.998840889000064
              ],
              [
                95.86795760000012,
                16.997413213000073
              ],
              [
                95.86838994000004,
                16.996120955000094
              ],
              [
                95.8681955460001,
                16.99489098400005
              ],
              [
                95.86757688600011,
                16.99384402100003
              ],
              [
                95.8672048250001,
                16.992201028000068
              ],
              [
                95.86729131099997,
                16.991076712999984
              ],
              [
                95.8673432980001,
                16.990400878000116
              ],
              [
                95.868426354,
                16.9890803400001
              ],
              [
                95.86967557100007,
                16.98789061000008
              ],
              [
                95.86997300299998,
                16.986403447000043
              ],
              [
                95.86985403,
                16.984261932000038
              ],
              [
                95.86961608400003,
                16.98200144500015
              ],
              [
                95.868545327,
                16.97938403700016
              ],
              [
                95.86658227100014,
                16.976112278000073
              ],
              [
                95.86485716200013,
                16.973256925000157
              ],
              [
                95.86247770100016,
                16.97105592400004
              ],
              [
                95.86075345000006,
                16.969771783999988
              ],
              [
                95.86363501000005,
                16.964230322000162
              ],
              [
                95.8659283950002,
                16.9621243790001
              ],
              [
                95.86752739300016,
                16.959782989000132
              ],
              [
                95.86849821300018,
                16.958469527000034
              ],
              [
                95.86900384200004,
                16.95570126500013
              ],
              [
                95.8695156670002,
                16.95492005700015
              ],
              [
                95.87068599100019,
                16.95470928200018
              ],
              [
                95.87238149400008,
                16.95470045999997
              ],
              [
                95.87466577600009,
                16.955899709
              ],
              [
                95.87564304200009,
                16.95736484600019
              ],
              [
                95.87849195000013,
                16.959326133
              ],
              [
                95.87986251900008,
                16.95955456100006
              ],
              [
                95.88166653400003,
                16.959489477000034
              ],
              [
                95.88281511900016,
                16.958597694000048
              ],
              [
                95.88682633100018,
                16.954299966000065
              ],
              [
                95.88680012600008,
                16.953828272000123
              ],
              [
                95.88664104800006,
                16.950964861000102
              ],
              [
                95.88533895300003,
                16.948620578000032
              ],
              [
                95.88346026400012,
                16.946933899000157
              ],
              [
                95.8799499640001,
                16.946277540000096
              ],
              [
                95.87780666500015,
                16.945905973000038
              ],
              [
                95.87483709700012,
                16.946305722000147
              ],
              [
                95.87049496500003,
                16.948283146000165
              ],
              [
                95.8670426920001,
                16.951044968000076
              ],
              [
                95.86623060900018,
                16.951694633000045
              ],
              [
                95.86455782600007,
                16.954129390000162
              ],
              [
                95.86341568500012,
                16.955328638000083
              ],
              [
                95.86158825900009,
                16.956527886
              ],
              [
                95.85981794000008,
                16.956527886
              ],
              [
                95.85781919200008,
                16.95629945800016
              ],
              [
                95.85490673200013,
                16.9545291390001
              ],
              [
                95.85296509200009,
                16.953672533000145
              ],
              [
                95.85170873600003,
                16.95218775000012
              ],
              [
                95.8515945220002,
                16.950988501000097
              ],
              [
                95.85216559300011,
                16.94938950400001
              ],
              [
                95.8533648410002,
                16.948704219000092
              ],
              [
                95.85428418100008,
                16.94784616800007
              ],
              [
                95.85507805300006,
                16.94710522100013
              ],
              [
                95.85530648100013,
                16.945905973000038
              ],
              [
                95.854736629,
                16.945131479000054
              ],
              [
                95.85432072100008,
                16.94457693600009
              ],
              [
                95.8536619960002,
                16.943698634999976
              ],
              [
                95.85250823500002,
                16.94322194100016
              ],
              [
                95.85193716500004,
                16.94253665500014
              ],
              [
                95.852157993,
                16.941693296999972
              ],
              [
                95.85225911600014,
                16.941221391
              ],
              [
                95.85301753800019,
                16.937682086
              ],
              [
                95.85053452000005,
                16.93654440500012
              ],
              [
                95.85053441800005,
                16.936544358
              ],
              [
                95.85053428700013,
                16.936544298
              ],
              [
                95.84920664500004,
                16.932786933000102
              ],
              [
                95.84920662800016,
                16.932786884000166
              ],
              [
                95.84716933000016,
                16.93271832500011
              ],
              [
                95.84637261000012,
                16.93269151300018
              ],
              [
                95.84549862400013,
                16.932282959000133
              ],
              [
                95.84549574100015,
                16.932281611000178
              ],
              [
                95.84368644000011,
                16.931435834000126
              ],
              [
                95.84255382999999,
                16.930906383000092
              ],
              [
                95.84109494000012,
                16.92955844700009
              ],
              [
                95.83980370400019,
                16.928365413000165
              ],
              [
                95.83956840400009,
                16.928287669000156
              ],
              [
                95.83885629800017,
                16.928052387000037
              ],
              [
                95.83806247000018,
                16.925141672000166
              ],
              [
                95.83806247000018,
                16.922311364999985
              ],
              [
                95.84012087700006,
                16.91819455199999
              ],
              [
                95.84475229000003,
                16.914849643000082
              ],
              [
                95.84629609300009,
                16.91304853600019
              ],
              [
                95.8430422630002,
                16.911249208000186
              ],
              [
                95.84304222000009,
                16.911249184000155
              ],
              [
                95.84245865100002,
                16.908090582000113
              ],
              [
                95.84245861200014,
                16.90809037000008
              ],
              [
                95.83788479500015,
                16.907502925000074
              ],
              [
                95.83591664099998,
                16.90672099300002
              ],
              [
                95.83934897300014,
                16.90327110900006
              ],
              [
                95.84346578600014,
                16.9014700030001
              ],
              [
                95.84629609300009,
                16.894522883000093
              ],
              [
                95.84867292100012,
                16.88946719200004
              ],
              [
                95.84823188600012,
                16.888863312000183
              ],
              [
                95.84803620900004,
                16.888595439000085
              ],
              [
                95.84786952000019,
                16.888367250000158
              ],
              [
                95.84775468300018,
                16.88820993500019
              ],
              [
                95.8477147110001,
                16.8881551770001
              ],
              [
                95.84771435700003,
                16.88815469200017
              ],
              [
                95.84757819300017,
                16.887968252000178
              ],
              [
                95.84732525600009,
                16.887511412000038
              ],
              [
                95.84732518200008,
                16.887511278000034
              ],
              [
                95.8473244330001,
                16.887509925000188
              ],
              [
                95.8473232980001,
                16.887507874999983
              ],
              [
                95.84732211,
                16.8875057300001
              ],
              [
                95.8470476400002,
                16.887010140000143
              ],
              [
                95.84678777800019,
                16.886827920000144
              ],
              [
                95.84671769300019,
                16.88677868999997
              ],
              [
                95.84626635000006,
                16.886462156999983
              ],
              [
                95.84626370900008,
                16.886460305000185
              ],
              [
                95.84604389100019,
                16.886104030000126
              ],
              [
                95.8458464360001,
                16.885783762000074
              ],
              [
                95.84583120000013,
                16.88575905000016
              ],
              [
                95.84435817700017,
                16.884571545000085
              ],
              [
                95.84411832000012,
                16.884378180000112
              ],
              [
                95.84150148000015,
                16.880143770000075
              ],
              [
                95.84059320000017,
                16.877083320000168
              ],
              [
                95.84022015599999,
                16.875826362000055
              ],
              [
                95.84004231400002,
                16.87522761800011
              ],
              [
                95.83997530700009,
                16.875001834000045
              ],
              [
                95.83997518500007,
                16.875001615000144
              ],
              [
                95.83979717900007,
                16.87468103100008
              ],
              [
                95.83725149700012,
                16.870096321000176
              ],
              [
                95.84115008000003,
                16.865705197000125
              ],
              [
                95.84500959000019,
                16.8605591810001
              ],
              [
                95.84938370300017,
                16.852840158000163
              ],
              [
                95.85067020700018,
                16.848208745000022
              ],
              [
                95.85555892300005,
                16.841518925000173
              ],
              [
                95.8559068080001,
                16.840823154000077
              ],
              [
                95.85993303300012,
                16.832770699000037
              ],
              [
                95.86585095300018,
                16.824022471999967
              ],
              [
                95.86971046300016,
                16.816046149000044
              ],
              [
                95.87356997600017,
                16.806011419000185
              ],
              [
                95.870836049,
                16.802034460000016
              ],
              [
                95.87125426900013,
                16.791602576
              ],
              [
                95.87263245600008,
                16.786893767000038
              ],
              [
                95.87434187600007,
                16.78105324700016
              ],
              [
                95.87459917900014,
                16.775907230000087
              ],
              [
                95.87434187600007,
                16.769989314000156
              ],
              [
                95.87485647900013,
                16.763556794000124
              ],
              [
                95.8758856820001,
                16.75583777100013
              ],
              [
                95.87794408900015,
                16.751978261000033
              ],
              [
                95.88025979500009,
                16.746574944000145
              ],
              [
                95.87770631500018,
                16.741479660000095
              ],
              [
                95.876888211,
                16.739017375
              ],
              [
                95.87571132100015,
                16.735475238000106
              ],
              [
                95.87511313400012,
                16.733630643000026
              ],
              [
                95.87429640000005,
                16.73111160000002
              ],
              [
                95.87393931399998,
                16.729742837
              ],
              [
                95.87318212300016,
                16.726840412000115
              ],
              [
                95.87300188700016,
                16.72614943500008
              ],
              [
                95.87278534400008,
                16.72531926500011
              ],
              [
                95.87268618300016,
                16.724939108
              ],
              [
                95.872009472,
                16.72397648900005
              ],
              [
                95.87120723700019,
                16.722835305000103
              ],
              [
                95.87093107000015,
                16.722442457000113
              ],
              [
                95.87030230000016,
                16.721548030000122
              ],
              [
                95.86870391900015,
                16.719663727000068
              ],
              [
                95.86870369400003,
                16.719663575000084
              ],
              [
                95.865211311,
                16.716304754000078
              ],
              [
                95.8632125640001,
                16.71473430900005
              ],
              [
                95.86064274600011,
                16.713235249000036
              ],
              [
                95.8577873930002,
                16.712521410000022
              ],
              [
                95.85508887100002,
                16.71254735700012
              ],
              [
                95.85036347500005,
                16.71259279500015
              ],
              [
                95.84534554400005,
                16.712837214000047
              ],
              [
                95.84269388300015,
                16.713383145000023
              ],
              [
                95.84221012200015,
                16.712750335000067
              ],
              [
                95.8400842040001,
                16.711260296000148
              ],
              [
                95.83837099200014,
                16.709190165000166
              ],
              [
                95.83725267800014,
                16.706154370000093
              ],
              [
                95.83637224400013,
                16.703051156000186
              ],
              [
                95.83501595100012,
                16.699339195999983
              ],
              [
                95.83323135500007,
                16.695127550000052
              ],
              [
                95.83137537600004,
                16.69070175300004
              ],
              [
                95.82973354800009,
                16.685704885000177
              ],
              [
                95.82937662900014,
                16.68227846100018
              ],
              [
                95.82830587100017,
                16.679494491000014
              ],
              [
                95.82671016000006,
                16.676944380000123
              ],
              [
                95.82539436000008,
                16.67488364999997
              ],
              [
                95.825394,
                16.674882840000123
              ],
              [
                95.82368971700015,
                16.67183262700007
              ],
              [
                95.82226204000006,
                16.668548971000178
              ],
              [
                95.82197650600006,
                16.66390902200004
              ],
              [
                95.8214054340001,
                16.65941184100018
              ],
              [
                95.8214054340001,
                16.657198942000093
              ],
              [
                95.82219065700014,
                16.65584264900008
              ],
              [
                95.82411802000018,
                16.6554143460001
              ],
              [
                95.82596845100005,
                16.655557365999982
              ],
              [
                95.82754444400018,
                16.655485731000056
              ],
              [
                95.82882935300017,
                16.655128811000168
              ],
              [
                95.82982872600013,
                16.653772518000096
              ],
              [
                95.83036455600006,
                16.651998614000092
              ],
              [
                95.8310895960002,
                16.651411677000112
              ],
              [
                95.83635684300003,
                16.643686383000045
              ],
              [
                95.83332460300011,
                16.64025880600002
              ],
              [
                95.83096372900019,
                16.638474963000135
              ],
              [
                95.82875513300007,
                16.63683267300013
              ],
              [
                95.82873655400005,
                16.63681885799997
              ],
              [
                95.82786090100012,
                16.635531133000086
              ],
              [
                95.82838126900003,
                16.634670974000073
              ],
              [
                95.82744273200007,
                16.633610074000046
              ],
              [
                95.82662359199998,
                16.63119381300004
              ],
              [
                95.82542892000009,
                16.629330397000047
              ],
              [
                95.82376823900006,
                16.62582574900017
              ],
              [
                95.82285452600007,
                16.623255931000188
              ],
              [
                95.82285452600007,
                16.621670607999988
              ],
              [
                95.82285452600007,
                16.62108586300002
              ],
              [
                95.82302584700011,
                16.618573152000067
              ],
              [
                95.82268320500003,
                16.61537515600014
              ],
              [
                95.82331138300015,
                16.613490623000075
              ],
              [
                95.82445352400003,
                16.61200583900012
              ],
              [
                95.82639516400008,
                16.609436022000068
              ],
              [
                95.82799416200004,
                16.606923310000184
              ],
              [
                95.82862234000015,
                16.60429638500017
              ],
              [
                95.82851911800014,
                16.601437426000132
              ],
              [
                95.82942183900013,
                16.596358504000023
              ],
              [
                95.8316490140001,
                16.588963139000157
              ],
              [
                95.83343361000016,
                16.58496564400008
              ],
              [
                95.83800463500012,
                16.57548206900009
              ],
              [
                95.83890993700004,
                16.57321881600012
              ],
              [
                95.84050632000009,
                16.570887802000186
              ],
              [
                95.84214436300016,
                16.567126369999983
              ],
              [
                95.84359010100002,
                16.563806525000018
              ],
              [
                95.84501355500004,
                16.561595083000043
              ],
              [
                95.84724971200006,
                16.557753176
              ],
              [
                95.8493081790001,
                16.556636497000113
              ],
              [
                95.8514968250002,
                16.555942906000155
              ],
              [
                95.85347438200012,
                16.555754429000103
              ],
              [
                95.85454542600013,
                16.556776418000027
              ],
              [
                95.85655816400003,
                16.560208780000153
              ],
              [
                95.85716076000011,
                16.561366290000024
              ],
              [
                95.8593134940001,
                16.563825544999986
              ],
              [
                95.86145260100005,
                16.566415252000127
              ],
              [
                95.86249772300005,
                16.567304718
              ],
              [
                95.8636892940001,
                16.56831882100016
              ],
              [
                95.8658308090001,
                16.569080249000137
              ],
              [
                95.86859098400015,
                16.569603729999983
              ],
              [
                95.87001866100007,
                16.569794087000048
              ],
              [
                95.87239812100012,
                16.569651319000116
              ],
              [
                95.87430169000015,
                16.569365784000013
              ],
              [
                95.87568561700016,
                16.56818918300013
              ],
              [
                95.87669761300003,
                16.565135799000075
              ],
              [
                95.87969940300007,
                16.55747854400005
              ],
              [
                95.8796514600001,
                16.557407069000078
              ],
              [
                95.88028884400012,
                16.5562713650001
              ],
              [
                95.88067864600004,
                16.555576806999966
              ],
              [
                95.88186837600006,
                16.552602481000065
              ],
              [
                95.88258221500007,
                16.55034199300013
              ],
              [
                95.88299862000014,
                16.547070234000046
              ],
              [
                95.88274167100008,
                16.54319182300003
              ],
              [
                95.88246965500014,
                16.541375204000076
              ],
              [
                95.8805358780001,
                16.541192966000096
              ],
              [
                95.87768052500019,
                16.539955646000067
              ],
              [
                95.87539624200014,
                16.53824243400004
              ],
              [
                95.8733499060001,
                16.53676716800004
              ],
              [
                95.87182705100014,
                16.53533949200005
              ],
              [
                95.86868616200019,
                16.53257931700017
              ],
              [
                95.86497420300014,
                16.529057714000032
              ],
              [
                95.86202367100009,
                16.52601200400011
              ],
              [
                95.8581213560002,
                16.521919331000106
              ],
              [
                95.8546949320002,
                16.518968800000152
              ],
              [
                95.85098297300016,
                16.516208625000104
              ],
              [
                95.849364939,
                16.515066484000045
              ],
              [
                95.8464238750002,
                16.513560423000058
              ],
              [
                95.84501647400003,
                16.512770303000025
              ],
              [
                95.84025755200008,
                16.510033924000027
              ],
              [
                95.84005432900005,
                16.50991670899998
              ],
              [
                95.83708179900015,
                16.508202220000157
              ],
              [
                95.83541534900007,
                16.50749979800014
              ],
              [
                95.83263137900013,
                16.505501050000134
              ],
              [
                95.83216655600012,
                16.505087874000083
              ],
              [
                95.83006156200008,
                16.503216767000026
              ],
              [
                95.82763451100004,
                16.50029003100019
              ],
              [
                95.82677790500009,
                16.498148516000185
              ],
              [
                95.825707148,
                16.49500762700012
              ],
              [
                95.8245972160002,
                16.491788826000118
              ],
              [
                95.82427947100012,
                16.490867365000042
              ],
              [
                95.82363701600013,
                16.488725850000037
              ],
              [
                95.82319537400019,
                16.486299242000143
              ],
              [
                95.82579711300008,
                16.48617394000007
              ],
              [
                95.82561370400009,
                16.4834398430001
              ],
              [
                95.82577414700012,
                16.478306559999965
              ],
              [
                95.82630112400011,
                16.475217792000024
              ],
              [
                95.82757994700017,
                16.471829947000117
              ],
              [
                95.82909555200007,
                16.469095552000113
              ],
              [
                95.83257698400018,
                16.46599285600007
              ],
              [
                95.83633473100014,
                16.464698926000096
              ],
              [
                95.8379186320002,
                16.4641326790001
              ],
              [
                95.8397746120001,
                16.4641326790001
              ],
              [
                95.8412022890002,
                16.46473230400005
              ],
              [
                95.84374770600004,
                16.466005422000023
              ],
              [
                95.8457463790001,
                16.466871513
              ],
              [
                95.8470613820001,
                16.467909674000055
              ],
              [
                95.84771585500016,
                16.46816168400011
              ],
              [
                95.84856859000013,
                16.469025119000037
              ],
              [
                95.84858990500004,
                16.46904670100008
              ],
              [
                95.85095047600004,
                16.46927753900013
              ],
              [
                95.8512595950001,
                16.469307766999975
              ],
              [
                95.85347549500011,
                16.46998478300003
              ],
              [
                95.85568090800007,
                16.469963359000076
              ],
              [
                95.85676837300008,
                16.46935214500013
              ],
              [
                95.86068974099999,
                16.468576705999965
              ],
              [
                95.86360533300018,
                16.466730665000114
              ],
              [
                95.86726393500004,
                16.462596685000165
              ],
              [
                95.86802385200014,
                16.461852979000128
              ],
              [
                95.86767832600015,
                16.461697917000038
              ],
              [
                95.8689276820001,
                16.459758977000035
              ],
              [
                95.86960629800012,
                16.455205400000125
              ],
              [
                95.86944683100018,
                16.453990967000095
              ],
              [
                95.86905151700017,
                16.45282533900013
              ],
              [
                95.8686079840001,
                16.45151753300007
              ],
              [
                95.8679196110001,
                16.45046575600003
              ],
              [
                95.86682662400017,
                16.44879576400001
              ],
              [
                95.86586129700015,
                16.447884206000083
              ],
              [
                95.86566496100005,
                16.44707428600009
              ],
              [
                95.86552866900018,
                16.446512064000103
              ],
              [
                95.86439280200005,
                16.444724687000075
              ],
              [
                95.86430049200004,
                16.44274061600015
              ],
              [
                95.86430625600019,
                16.442725727000038
              ],
              [
                95.86533024300007,
                16.440080498000157
              ],
              [
                95.86683847400008,
                16.437338474000114
              ],
              [
                95.87056466200005,
                16.433046482000066
              ],
              [
                95.87188538500016,
                16.43209319100015
              ],
              [
                95.8727243570001,
                16.431239935000065
              ],
              [
                95.87557352000005,
                16.428448693000064
              ],
              [
                95.87716238600007,
                16.426162356000134
              ],
              [
                95.87770775200005,
                16.424865243000056
              ],
              [
                95.8778567060001,
                16.422091432000116
              ],
              [
                95.87832129399999,
                16.421192630000178
              ],
              [
                95.87895290000006,
                16.420688217000077
              ],
              [
                95.88071165200006,
                16.419720832999985
              ],
              [
                95.88184682800005,
                16.41932692900008
              ],
              [
                95.88361857400008,
                16.41887850100011
              ],
              [
                95.88473923800007,
                16.418259124000087
              ],
              [
                95.88541801200012,
                16.417883975000052
              ],
              [
                95.88541854600015,
                16.41788368000016
              ],
              [
                95.88941309500018,
                16.41567594600008
              ],
              [
                95.89087047200007,
                16.41487047200002
              ],
              [
                95.89183235400009,
                16.41446593600017
              ],
              [
                95.89509413600013,
                16.413094136000154
              ],
              [
                95.9055437670001,
                16.41177588900007
              ],
              [
                95.90854336200005,
                16.411867138000048
              ],
              [
                95.91139904300013,
                16.411400737000122
              ],
              [
                95.91291204300006,
                16.41081760800006
              ],
              [
                95.91596132400008,
                16.410519521000026
              ],
              [
                95.92452141400008,
                16.41077161200019
              ],
              [
                95.92630019600017,
                16.411208537
              ],
              [
                95.93151261400016,
                16.411565453000037
              ],
              [
                95.9332153470001,
                16.411865505000037
              ],
              [
                95.94426982900012,
                16.41381350400019
              ],
              [
                95.94735145500016,
                16.414898545000142
              ],
              [
                95.95000900500014,
                16.415312423000103
              ],
              [
                95.95398223000018,
                16.416434448000132
              ],
              [
                95.95999834700012,
                16.417445413
              ],
              [
                95.96488334500003,
                16.416910811000037
              ],
              [
                95.96779679000008,
                16.416591971000116
              ],
              [
                95.97185117900011,
                16.4167070740001
              ],
              [
                95.98051819000017,
                16.415684856000098
              ],
              [
                95.98364867100014,
                16.414898671000174
              ],
              [
                95.99042271600007,
                16.41183363700003
              ],
              [
                95.99090805000009,
                16.411529890000054
              ],
              [
                95.99178478600015,
                16.410981184000093
              ],
              [
                96.00025305600008,
                16.406521076000047
              ],
              [
                96.00092073700011,
                16.40616941900015
              ],
              [
                96.00279076500016,
                16.404934503000106
              ],
              [
                96.00361536200006,
                16.40475232600005
              ],
              [
                96.00422462800003,
                16.40381489500004
              ],
              [
                96.00740542400013,
                16.40190545100012
              ],
              [
                96.00964155200006,
                16.39976655300012
              ],
              [
                96.01092942500014,
                16.39892942500012
              ],
              [
                96.01523008500016,
                16.393855084999984
              ],
              [
                96.01834644100006,
                16.38834644100001
              ],
              [
                96.0201733990001,
                16.38642339900008
              ],
              [
                96.0255353820001,
                16.383702048999965
              ],
              [
                96.02960018800013,
                16.38110018800006
              ],
              [
                96.03096039600007,
                16.38058539600013
              ],
              [
                96.03353167600017,
                16.378660654000043
              ],
              [
                96.03358116900012,
                16.378632231999973
              ],
              [
                96.03632792400009,
                16.37705486700014
              ],
              [
                96.03634019400005,
                16.377070992000142
              ],
              [
                96.03936139600006,
                16.375361396000073
              ],
              [
                96.045730526,
                16.37314719300008
              ],
              [
                96.04647614500016,
                16.372576144
              ],
              [
                96.05130039200009,
                16.37050912900014
              ],
              [
                96.05255493600015,
                16.36997160200019
              ],
              [
                96.059260258,
                16.366160258000093
              ],
              [
                96.06258755500005,
                16.363217863000102
              ],
              [
                96.06265670900012,
                16.363156709
              ],
              [
                96.06414725800005,
                16.359972258000084
              ],
              [
                96.06455526500014,
                16.357483827000124
              ],
              [
                96.0648981490001,
                16.35686701700007
              ],
              [
                96.06667115700009,
                16.356036017000065
              ],
              [
                96.06723680400006,
                16.355770902000074
              ],
              [
                96.06957291200013,
                16.35467598000008
              ],
              [
                96.07176593600019,
                16.35364812100005
              ],
              [
                96.07445098500006,
                16.35199839200004
              ],
              [
                96.07657090700013,
                16.350427611000043
              ],
              [
                96.07755061500018,
                16.349482802000068
              ],
              [
                96.07761774900007,
                16.34934942100017
              ],
              [
                96.07855975600012,
                16.34747784900003
              ],
              [
                96.08011165600004,
                16.346486705000075
              ],
              [
                96.08227668200016,
                16.344401682000125
              ],
              [
                96.08611339300006,
                16.341863392999983
              ],
              [
                96.08663061500005,
                16.34137249800017
              ],
              [
                96.09098382700017,
                16.337240878000046
              ],
              [
                96.09316794200015,
                16.335167943000044
              ],
              [
                96.09407480600004,
                16.33382480500012
              ],
              [
                96.09517811200004,
                16.33301143400007
              ],
              [
                96.09850890500019,
                16.329217846000063
              ],
              [
                96.10033164400011,
                16.328086318000032
              ],
              [
                96.10140537100006,
                16.326905760999978
              ],
              [
                96.1042606330002,
                16.3251606340001
              ],
              [
                96.1049921880001,
                16.32432552400013
              ],
              [
                96.10606335800009,
                16.32381336000003
              ],
              [
                96.1085886940001,
                16.321588694000127
              ],
              [
                96.10959706200003,
                16.320347052999978
              ],
              [
                96.11235314100009,
                16.31935187199997
              ],
              [
                96.11336662400004,
                16.318608370000106
              ],
              [
                96.11518556000004,
                16.318510389000096
              ],
              [
                96.11786192700009,
                16.319269532000078
              ],
              [
                96.1183398600001,
                16.31999193400003
              ],
              [
                96.11858284000016,
                16.321177960000114
              ],
              [
                96.11910144200004,
                16.321655726000188
              ],
              [
                96.11935514900017,
                16.321889457000054
              ],
              [
                96.12292493800004,
                16.322977540000124
              ],
              [
                96.12580091100006,
                16.32289706800003
              ],
              [
                96.1260683540001,
                16.32266302200003
              ],
              [
                96.12669890900008,
                16.322111203000134
              ],
              [
                96.12881479700019,
                16.322986095000033
              ],
              [
                96.13050046500007,
                16.32368309600008
              ],
              [
                96.13314339400017,
                16.324100058000113
              ],
              [
                96.13660706400003,
                16.32539369
              ],
              [
                96.13830535600005,
                16.32602797600009
              ],
              [
                96.14172287100013,
                16.32765212800018
              ],
              [
                96.14176271000014,
                16.327688201000058
              ],
              [
                96.14253192300009,
                16.32838474300013
              ],
              [
                96.1478470780001,
                16.33065292100008
              ],
              [
                96.15100021500012,
                16.331799339000042
              ],
              [
                96.1524834560002,
                16.332338616000186
              ],
              [
                96.15730473100007,
                16.334091536000074
              ],
              [
                96.1595197900001,
                16.334896887000184
              ],
              [
                96.16267228800018,
                16.33528181300005
              ],
              [
                96.16439988100007,
                16.335492755000132
              ],
              [
                96.16949891700006,
                16.335252822000086
              ],
              [
                96.16964806100015,
                16.335266864000175
              ],
              [
                96.17289827600001,
                16.33557289700019
              ],
              [
                96.17747554100015,
                16.336517318000062
              ],
              [
                96.18283023600009,
                16.33762214600017
              ],
              [
                96.18638011100006,
                16.337947510000106
              ],
              [
                96.18759764400016,
                16.33850760200005
              ],
              [
                96.19037527400013,
                16.33906665000012
              ],
              [
                96.19235493200017,
                16.34026747900009
              ],
              [
                96.19563749900004,
                16.34133091100017
              ],
              [
                96.20065176200006,
                16.343474422000156
              ],
              [
                96.20394602800013,
                16.344303589000106
              ],
              [
                96.20567659600016,
                16.345421593000083
              ],
              [
                96.20783956700018,
                16.345812878
              ],
              [
                96.20877810000007,
                16.346590933000186
              ],
              [
                96.21233042200004,
                16.347737667000047
              ],
              [
                96.21458557800008,
                16.348866237000152
              ],
              [
                96.21731287100005,
                16.349586778000173
              ],
              [
                96.22152617300014,
                16.351474180000025
              ],
              [
                96.22193299000014,
                16.351656419000108
              ],
              [
                96.22510196399998,
                16.35175717400017
              ],
              [
                96.23221814200008,
                16.35519848100006
              ],
              [
                96.23744203800015,
                16.3573016200001
              ],
              [
                96.23920421900004,
                16.35743570900007
              ],
              [
                96.24334531699998,
                16.358832428000085
              ],
              [
                96.24634285600013,
                16.35925287700013
              ],
              [
                96.25088401800014,
                16.361228189000144
              ],
              [
                96.25650109400004,
                16.362007871000174
              ],
              [
                96.26633547500006,
                16.364386836000108
              ],
              [
                96.26774155000015,
                16.365423669
              ],
              [
                96.2723140060001,
                16.367014622000113
              ],
              [
                96.2741472400001,
                16.367987947000074
              ],
              [
                96.27490023600006,
                16.369146022000052
              ],
              [
                96.27696809300016,
                16.37045072100011
              ],
              [
                96.27797030400006,
                16.372128990000135
              ],
              [
                96.27816082600003,
                16.3724480300001
              ],
              [
                96.28032504700013,
                16.373213799000098
              ],
              [
                96.28161433100001,
                16.374500773000022
              ],
              [
                96.28370500800008,
                16.374751671000183
              ],
              [
                96.28751259799998,
                16.376321089000157
              ],
              [
                96.29309642100009,
                16.382405428000084
              ],
              [
                96.29514702300008,
                16.384009416000083
              ],
              [
                96.2964277000001,
                16.385011166000027
              ],
              [
                96.29998569800017,
                16.387121844000035
              ],
              [
                96.30444827300016,
                16.392549299000166
              ],
              [
                96.30673861400004,
                16.395845501000053
              ],
              [
                96.31110823800009,
                16.399014232000127
              ],
              [
                96.31274363700015,
                16.40259333700004
              ],
              [
                96.31593808900016,
                16.404812202000016
              ],
              [
                96.31723398600013,
                16.40668124400014
              ],
              [
                96.32082166900005,
                16.41362013300005
              ],
              [
                96.32196021700014,
                16.41685116900004
              ],
              [
                96.32269577300008,
                16.42021333300005
              ],
              [
                96.32368558600018,
                16.422002290000023
              ],
              [
                96.32476779200016,
                16.42633039200001
              ],
              [
                96.32517996900009,
                16.426998148000052
              ],
              [
                96.3269301150001,
                16.434996703000024
              ],
              [
                96.32712150400005,
                16.440215561
              ],
              [
                96.32839509200011,
                16.442989517000058
              ],
              [
                96.32896616200009,
                16.446606298000063
              ],
              [
                96.32896616200009,
                16.44912852700014
              ],
              [
                96.32820473500004,
                16.451507987000184
              ],
              [
                96.32776168900017,
                16.452336290000062
              ],
              [
                96.32711018300012,
                16.453554324000095
              ],
              [
                96.32477831100005,
                16.457171105000157
              ],
              [
                96.3223344380001,
                16.458976399000107
              ],
              [
                96.32189014200009,
                16.459637334000035
              ],
              [
                96.31697982700018,
                16.46256316100005
              ],
              [
                96.31464815900017,
                16.464398160000087
              ],
              [
                96.31070681700004,
                16.466835839999987
              ],
              [
                96.30875996200012,
                16.46763519400008
              ],
              [
                96.3078276920001,
                16.467608093000024
              ],
              [
                96.30802092400012,
                16.46809774500008
              ],
              [
                96.30483716500004,
                16.46933588200011
              ],
              [
                96.30190267800015,
                16.47140267700013
              ],
              [
                96.29553772100007,
                16.475162721
              ],
              [
                96.293955702,
                16.47683070300019
              ],
              [
                96.29077684700019,
                16.479151849
              ],
              [
                96.28918538000005,
                16.480685543000106
              ],
              [
                96.28529064600019,
                16.48342532600003
              ],
              [
                96.28438882500006,
                16.48405972000012
              ],
              [
                96.2838974610001,
                16.48513350800016
              ],
              [
                96.28230682500015,
                16.48597226800007
              ],
              [
                96.28056956800003,
                16.48844456400019
              ],
              [
                96.27938319500015,
                16.48938319500013
              ],
              [
                96.27761688800013,
                16.491616888000124
              ],
              [
                96.27707808700006,
                16.492703087000052
              ],
              [
                96.2756052040001,
                16.494355204000044
              ],
              [
                96.27296841499998,
                16.498083256000143
              ],
              [
                96.26939109000006,
                16.5031410900001
              ],
              [
                96.26739558900005,
                16.5053956160001
              ],
              [
                96.26613978000017,
                16.50789274300007
              ],
              [
                96.26471390400013,
                16.508934603000114
              ],
              [
                96.26454136400008,
                16.509852384999988
              ],
              [
                96.26410959100014,
                16.51064375200002
              ],
              [
                96.26165062300004,
                16.515150620999975
              ],
              [
                96.2600975740001,
                16.51724757400001
              ],
              [
                96.25858369300016,
                16.51998369300003
              ],
              [
                96.256653186,
                16.525486519000026
              ],
              [
                96.25509740500019,
                16.528525977000186
              ],
              [
                96.25485224300013,
                16.529287702000033
              ],
              [
                96.25215818900017,
                16.537658188000023
              ],
              [
                96.25137535900006,
                16.538792026000067
              ],
              [
                96.25060597100014,
                16.542480972000078
              ],
              [
                96.24778889200002,
                16.547455558000138
              ],
              [
                96.24776126200004,
                16.547533103000035
              ],
              [
                96.24590616500012,
                16.552739498000165
              ],
              [
                96.24455700400017,
                16.555207006000046
              ],
              [
                96.24324809600006,
                16.559859286
              ],
              [
                96.24258897600004,
                16.562202012000057
              ],
              [
                96.23993675800017,
                16.568977816000086
              ],
              [
                96.23993113900013,
                16.570421033
              ],
              [
                96.23993078199999,
                16.570512575000123
              ],
              [
                96.23946548700013,
                16.572380237000118
              ],
              [
                96.23855314300016,
                16.57445309900004
              ],
              [
                96.23814228200018,
                16.576725614000054
              ],
              [
                96.23755242400006,
                16.577952423000056
              ],
              [
                96.23688222100009,
                16.580230705000076
              ],
              [
                96.23559760700005,
                16.58459760700009
              ],
              [
                96.23525673200015,
                16.58646236800007
              ],
              [
                96.23327567100011,
                16.597299787000168
              ],
              [
                96.2336091460001,
                16.60569459600009
              ],
              [
                96.2339913940001,
                16.607155531000103
              ],
              [
                96.23375978500019,
                16.60867081599997
              ],
              [
                96.23375557700001,
                16.60869834700003
              ],
              [
                96.23371476500006,
                16.60896535400019
              ],
              [
                96.2343159020001,
                16.611592775000076
              ],
              [
                96.23732926500014,
                16.619420736
              ],
              [
                96.23862748900007,
                16.621372511000118
              ],
              [
                96.24009464700015,
                16.624713455000176
              ],
              [
                96.2404202030001,
                16.62545479700003
              ],
              [
                96.24215575500017,
                16.62759425400003
              ],
              [
                96.24365066700005,
                16.631856268999968
              ],
              [
                96.24370054100007,
                16.632088480000107
              ],
              [
                96.24418736300004,
                16.634355093000124
              ],
              [
                96.24442945600009,
                16.63548226000006
              ],
              [
                96.24475467000019,
                16.6388322520001
              ],
              [
                96.24466910800004,
                16.640964611000072
              ],
              [
                96.24452189500016,
                16.644633400000146
              ],
              [
                96.244479179,
                16.64569796000012
              ],
              [
                96.24414844500018,
                16.64698152500017
              ],
              [
                96.24401596800016,
                16.64716955
              ],
              [
                96.24359723600014,
                16.64776386000017
              ],
              [
                96.24315417500014,
                16.65065417400001
              ],
              [
                96.24198344100012,
                16.653207793000036
              ],
              [
                96.24166956200014,
                16.653560906
              ],
              [
                96.24015487200006,
                16.654654871000048
              ],
              [
                96.23514163500016,
                16.656641635000085
              ],
              [
                96.23361181800016,
                16.656861818000095
              ],
              [
                96.23295449099999,
                16.65715188300004
              ],
              [
                96.22962230600007,
                16.658622306000098
              ],
              [
                96.2277432510001,
                16.659593251000047
              ],
              [
                96.22741896800005,
                16.659843955000042
              ],
              [
                96.22518521800015,
                16.66157087500011
              ],
              [
                96.22512073100006,
                16.66162073100014
              ],
              [
                96.22280316700011,
                16.66292816600003
              ],
              [
                96.2207877300001,
                16.66510725400002
              ],
              [
                96.21901929000012,
                16.667019290000155
              ],
              [
                96.21815433600017,
                16.667711858000075
              ],
              [
                96.21638141200003,
                16.669131435000054
              ],
              [
                96.21562408800003,
                16.670319529000096
              ],
              [
                96.21511557600007,
                16.671117283
              ],
              [
                96.21378988700008,
                16.672217283000066
              ],
              [
                96.21366693100003,
                16.672257701000035
              ],
              [
                96.21245733600006,
                16.672655322000026
              ],
              [
                96.21189235700012,
                16.673733192000043
              ],
              [
                96.21198646600016,
                16.673824183000022
              ],
              [
                96.21198902300011,
                16.673827356000174
              ],
              [
                96.21170250900019,
                16.674095384000168
              ],
              [
                96.21115060100004,
                16.67514831900013
              ],
              [
                96.20833442400016,
                16.67908442400011
              ],
              [
                96.20656576599998,
                16.68349079100011
              ],
              [
                96.20571223100018,
                16.68931158600003
              ],
              [
                96.20443544900007,
                16.69801878200019
              ],
              [
                96.20332014600007,
                16.701903480000055
              ],
              [
                96.20270560400019,
                16.705555604000097
              ],
              [
                96.2015183310001,
                16.708135485000128
              ],
              [
                96.2009249240001,
                16.709424925000064
              ],
              [
                96.19981313300002,
                16.710817567
              ],
              [
                96.19964862800003,
                16.711023628000078
              ],
              [
                96.19884439900017,
                16.712844399
              ],
              [
                96.19715137400016,
                16.719151374000035
              ],
              [
                96.19610112700002,
                16.721101127000168
              ],
              [
                96.19491246900009,
                16.725921950000156
              ],
              [
                96.1944495210002,
                16.72779952100018
              ],
              [
                96.19368999100004,
                16.729523325000173
              ],
              [
                96.19310521800003,
                16.730236553
              ],
              [
                96.19252615400012,
                16.730942821000042
              ],
              [
                96.19230732800014,
                16.731627572000093
              ],
              [
                96.19163287600009,
                16.733738067
              ],
              [
                96.1916146280002,
                16.733795169000132
              ],
              [
                96.19159636600011,
                16.733838766000076
              ],
              [
                96.1915631390001,
                16.733956289000105
              ],
              [
                96.19155743700014,
                16.73397413200007
              ],
              [
                96.19155623300003,
                16.733980714000097
              ],
              [
                96.19027944300012,
                16.740962796000133
              ],
              [
                96.19027878000014,
                16.741808373000026
              ],
              [
                96.19027874200015,
                16.741855569
              ],
              [
                96.19027710000017,
                16.743947415000093
              ],
              [
                96.19075864300015,
                16.746161578000056
              ],
              [
                96.19059452800013,
                16.747712330000127
              ],
              [
                96.18980918200003,
                16.74847444300019
              ],
              [
                96.18954983000003,
                16.74861643000014
              ],
              [
                96.1895341450001,
                16.74862501700005
              ],
              [
                96.18417785600019,
                16.751557403
              ],
              [
                96.1803842650001,
                16.753634265000073
              ],
              [
                96.1791874220001,
                16.754193660000112
              ],
              [
                96.17653389000009,
                16.75543390200005
              ],
              [
                96.17541424600017,
                16.755792186
              ],
              [
                96.17539561700016,
                16.755798147000064
              ],
              [
                96.17518425000014,
                16.755897522000055
              ],
              [
                96.1748723980001,
                16.756059646000097
              ],
              [
                96.17453384400017,
                16.756198883000025
              ],
              [
                96.17416763300014,
                16.756343842000035
              ],
              [
                96.17390251200015,
                16.75643157999997
              ],
              [
                96.17362185900015,
                16.756505966000077
              ],
              [
                96.1733003760001,
                16.75669752700003
              ],
              [
                96.17329216000013,
                16.756702423000092
              ],
              [
                96.17300148000004,
                16.75688972500012
              ],
              [
                96.17259025600015,
                16.757086754
              ],
              [
                96.17216587100012,
                16.757238388000133
              ],
              [
                96.17173290300013,
                16.757331848000035
              ],
              [
                96.17132568400012,
                16.757476807000046
              ],
              [
                96.17062091800005,
                16.757756233000066
              ],
              [
                96.17056720500017,
                16.757784012000172
              ],
              [
                96.17041637300014,
                16.75786201700015
              ],
              [
                96.17017650600008,
                16.757986069000083
              ],
              [
                96.16963005000014,
                16.7582073210001
              ],
              [
                96.16931724500012,
                16.758356095000124
              ],
              [
                96.16904640200016,
                16.75848770200014
              ],
              [
                96.16864967300012,
                16.758694331000072
              ],
              [
                96.16810989400017,
                16.758928299000047
              ],
              [
                96.16765213000008,
                16.759102822000045
              ],
              [
                96.16716003500017,
                16.75923538300009
              ],
              [
                96.1667194370001,
                16.759325027000045
              ],
              [
                96.16644287100013,
                16.759403228
              ],
              [
                96.16604995700015,
                16.759525299000074
              ],
              [
                96.16555404700017,
                16.75967597900012
              ],
              [
                96.16500854500015,
                16.759813944000086
              ],
              [
                96.16437993800008,
                16.75971085700013
              ],
              [
                96.16403770400018,
                16.759931564000055
              ],
              [
                96.16369915000007,
                16.760116577000133
              ],
              [
                96.16340065000003,
                16.760402679000038
              ],
              [
                96.16299343100019,
                16.76061248800005
              ],
              [
                96.16284418300012,
                16.760648528000047
              ],
              [
                96.16265773800006,
                16.760693550000042
              ],
              [
                96.16241111800008,
                16.76082649199998
              ],
              [
                96.162184077,
                16.761092642000165
              ],
              [
                96.16216087300006,
                16.761119843000017
              ],
              [
                96.16184883100016,
                16.7612674720001
              ],
              [
                96.16175715900005,
                16.761243261000118
              ],
              [
                96.16157150300012,
                16.761194229000125
              ],
              [
                96.16127967800008,
                16.76113624500016
              ],
              [
                96.16098690000018,
                16.761313439000048
              ],
              [
                96.16079998000015,
                16.761528015000067
              ],
              [
                96.16057243300008,
                16.761656571
              ],
              [
                96.160171466,
                16.761742209000033
              ],
              [
                96.1597452170002,
                16.76179027600017
              ],
              [
                96.15929603600006,
                16.761901855000076
              ],
              [
                96.15895525000013,
                16.761978084000077
              ],
              [
                96.15886116100006,
                16.761999131000152
              ],
              [
                96.15869251000004,
                16.76202556800007
              ],
              [
                96.15839068100001,
                16.762072881
              ],
              [
                96.15817898500012,
                16.76204212400006
              ],
              [
                96.15807342600016,
                16.76202678700008
              ],
              [
                96.15768877700003,
                16.761929194000118
              ],
              [
                96.15725135800017,
                16.762090683000054
              ],
              [
                96.15668896300008,
                16.762294497000028
              ],
              [
                96.15612888400005,
                16.762455940000166
              ],
              [
                96.15574836700006,
                16.762506485000188
              ],
              [
                96.15536689700014,
                16.762582779000127
              ],
              [
                96.15494728100003,
                16.76266479500015
              ],
              [
                96.15466117800008,
                16.762685776000183
              ],
              [
                96.15432834699999,
                16.76272773800008
              ],
              [
                96.15398216200003,
                16.76283454900016
              ],
              [
                96.15366868400002,
                16.76293707000019
              ],
              [
                96.15357780500005,
                16.762966792000157
              ],
              [
                96.15330886900006,
                16.76306724500006
              ],
              [
                96.15299797000017,
                16.76315975200015
              ],
              [
                96.15262603800011,
                16.763235092000173
              ],
              [
                96.1520442960001,
                16.76335334800018
              ],
              [
                96.15197397500009,
                16.763368357000104
              ],
              [
                96.15182285100019,
                16.7634006130001
              ],
              [
                96.15156173700007,
                16.76345634400019
              ],
              [
                96.15106773400015,
                16.763589859000092
              ],
              [
                96.15060997000012,
                16.763704300000086
              ],
              [
                96.15018081700003,
                16.763814927000112
              ],
              [
                96.14985084500006,
                16.763921738000136
              ],
              [
                96.14945602500012,
                16.76402664200009
              ],
              [
                96.1493131680001,
                16.764060531000155
              ],
              [
                96.14919471800005,
                16.764088631000163
              ],
              [
                96.14874839800007,
                16.764240265000126
              ],
              [
                96.14872312200015,
                16.764249971000027
              ],
              [
                96.14822837700012,
                16.764332983000145
              ],
              [
                96.1481077090001,
                16.764353230000154
              ],
              [
                96.14792055000015,
                16.76442116600009
              ],
              [
                96.1426013030001,
                16.76635195400013
              ],
              [
                96.13990529600011,
                16.768055033999985
              ],
              [
                96.13980687700018,
                16.768117205000067
              ],
              [
                96.13967575900017,
                16.768071561000056
              ],
              [
                96.1396060670001,
                16.76807657900008
              ],
              [
                96.13960520600011,
                16.768076213000086
              ],
              [
                96.13923009000018,
                16.767916418000084
              ],
              [
                96.13830671700009,
                16.767594979000023
              ],
              [
                96.138277318,
                16.76758474500008
              ],
              [
                96.13539303400012,
                16.767715081
              ],
              [
                96.13358008600005,
                16.767172058000142
              ],
              [
                96.13143372899998,
                16.76548719600015
              ],
              [
                96.13109102500005,
                16.76521817800011
              ],
              [
                96.13103675900004,
                16.765153885000018
              ],
              [
                96.13079643200012,
                16.764900208000086
              ],
              [
                96.13041687000015,
                16.764519119000113
              ],
              [
                96.13018035900006,
                16.764265061
              ],
              [
                96.1299750010001,
                16.764005661000056
              ],
              [
                96.12978553800014,
                16.76372909600019
              ],
              [
                96.1295808700001,
                16.763446579000174
              ],
              [
                96.12947464000018,
                16.763299942
              ],
              [
                96.12925338700006,
                16.763010025000085
              ],
              [
                96.12906456000019,
                16.762747765000086
              ],
              [
                96.1287813190001,
                16.762473107000062
              ],
              [
                96.12849521600015,
                16.76223659600015
              ],
              [
                96.1282844540001,
                16.762020111000083
              ],
              [
                96.12803077700016,
                16.761724472000026
              ],
              [
                96.12763404800012,
                16.761274338000135
              ],
              [
                96.12758740700008,
                16.76121947700011
              ],
              [
                96.12704473400004,
                16.760899937000147
              ],
              [
                96.12646338900015,
                16.760557625000047
              ],
              [
                96.12566341900003,
                16.760086581000166
              ],
              [
                96.12464846600017,
                16.75910153400008
              ],
              [
                96.12255144200003,
                16.757977209000046
              ],
              [
                96.12247854300017,
                16.75793812300003
              ],
              [
                96.12061705400004,
                16.7562893920001
              ],
              [
                96.1204703250001,
                16.756393228000036
              ],
              [
                96.12045491000015,
                16.756403414000147
              ],
              [
                96.12019542600018,
                16.756574877000048
              ],
              [
                96.12019266300018,
                16.75657277200014
              ],
              [
                96.12018947700011,
                16.756574877000048
              ],
              [
                96.11995595200005,
                16.756749125000056
              ],
              [
                96.1196366160001,
                16.75698740100006
              ],
              [
                96.1195398000001,
                16.75708710400005
              ],
              [
                96.11990961400011,
                16.75734182700006
              ],
              [
                96.12098033400008,
                16.75837872900007
              ],
              [
                96.12150974700012,
                16.758891421000044
              ],
              [
                96.12167711300009,
                16.759287423000103
              ],
              [
                96.12178230400019,
                16.759423256000048
              ],
              [
                96.12199592600007,
                16.75966453500007
              ],
              [
                96.1219518910001,
                16.759821802000033
              ],
              [
                96.122189285,
                16.760116182000047
              ],
              [
                96.12239714500015,
                16.760597147000112
              ],
              [
                96.12275722800018,
                16.761430336000046
              ],
              [
                96.12338369500009,
                16.761583963000078
              ],
              [
                96.12469780999999,
                16.762464107000028
              ],
              [
                96.12698867300008,
                16.76616204200002
              ],
              [
                96.12721645000005,
                16.766529720999984
              ],
              [
                96.12743473100005,
                16.766712188999975
              ],
              [
                96.12760448500006,
                16.76692771900008
              ],
              [
                96.12768006700009,
                16.76705080000005
              ],
              [
                96.12781238600013,
                16.76726627400012
              ],
              [
                96.12812614500007,
                16.767616273000044
              ],
              [
                96.12841987700006,
                16.767951965000066
              ],
              [
                96.12862014799998,
                16.768161774000134
              ],
              [
                96.12887001100017,
                16.7683715820001
              ],
              [
                96.12911701200005,
                16.768552780000164
              ],
              [
                96.12930870100001,
                16.76873207100016
              ],
              [
                96.12957217400009,
                16.768967850000024
              ],
              [
                96.12964920300016,
                16.769164456000112
              ],
              [
                96.129344915,
                16.76937618500017
              ],
              [
                96.12912492000004,
                16.769529262000106
              ],
              [
                96.12893397000005,
                16.769662128999983
              ],
              [
                96.12836812600011,
                16.769721980999975
              ],
              [
                96.12682586300014,
                16.76988511700017
              ],
              [
                96.12309474800009,
                16.77134460000002
              ],
              [
                96.12265872700016,
                16.771594721000042
              ],
              [
                96.12219891000018,
                16.771858493000025
              ],
              [
                96.12188410500016,
                16.772039080000127
              ],
              [
                96.1216807400001,
                16.772155739000084
              ],
              [
                96.12007618500013,
                16.773076185000036
              ],
              [
                96.1194046060001,
                16.773743214999968
              ],
              [
                96.11704904800007,
                16.776082814000063
              ],
              [
                96.1162507040001,
                16.7768757500001
              ],
              [
                96.11597869100007,
                16.777525402000038
              ],
              [
                96.11422429500004,
                16.781715461000033
              ],
              [
                96.11385339600014,
                16.782601286999977
              ],
              [
                96.11377592300005,
                16.78704435200018
              ],
              [
                96.11375181699998,
                16.788426805000086
              ],
              [
                96.11403908900013,
                16.792853709000042
              ],
              [
                96.11430953400003,
                16.793693723000104
              ],
              [
                96.11557908700019,
                16.797637028000167
              ],
              [
                96.1159344030001,
                16.798740666000185
              ],
              [
                96.11643859800017,
                16.80439249400007
              ],
              [
                96.11581130000013,
                16.80601037700012
              ],
              [
                96.11579444600017,
                16.806053846000054
              ],
              [
                96.11563782200017,
                16.808017194000172
              ],
              [
                96.11514869500013,
                16.81414869500003
              ],
              [
                96.11421000700005,
                16.81741000900007
              ],
              [
                96.11390472700003,
                16.817881788000136
              ],
              [
                96.11372552100016,
                16.818158732000086
              ],
              [
                96.11364289800014,
                16.81828641700008
              ],
              [
                96.11364078500003,
                16.81829166400007
              ],
              [
                96.11355209400011,
                16.81859016499999
              ],
              [
                96.11347961400014,
                16.818871498000135
              ],
              [
                96.11333084100016,
                16.81921196000002
              ],
              [
                96.11313391500005,
                16.819598238000026
              ],
              [
                96.1129916540001,
                16.82009410200004
              ],
              [
                96.11290302400005,
                16.82040302600018
              ],
              [
                96.11173013400014,
                16.822855167000114
              ],
              [
                96.11038938500013,
                16.82389011900011
              ],
              [
                96.10840436300003,
                16.824661194000043
              ],
              [
                96.10772933500016,
                16.82473728100007
              ],
              [
                96.10774740100004,
                16.824806516000024
              ],
              [
                96.10775807400012,
                16.824847423000108
              ],
              [
                96.10778664700007,
                16.824956939000117
              ],
              [
                96.10789603600017,
                16.82537619300018
              ],
              [
                96.10797368100009,
                16.826046963000067
              ],
              [
                96.1079764160001,
                16.826059131000022
              ],
              [
                96.10917610500013,
                16.825991320000185
              ],
              [
                96.1097900690001,
                16.825956616000155
              ],
              [
                96.1101910180002,
                16.825828767000132
              ],
              [
                96.11072569700008,
                16.82565827700006
              ],
              [
                96.11089493200012,
                16.825833563000174
              ],
              [
                96.11107742000013,
                16.826022578000106
              ],
              [
                96.11139918900005,
                16.82635585500003
              ],
              [
                96.11140090800006,
                16.827619112000036
              ],
              [
                96.11074579200005,
                16.82906191400002
              ],
              [
                96.10999760300007,
                16.8307096960001
              ],
              [
                96.1100722770002,
                16.83072938000015
              ],
              [
                96.11267997200002,
                16.831551113000046
              ],
              [
                96.1126795290001,
                16.831551845000092
              ],
              [
                96.11269891100011,
                16.83155932699998
              ],
              [
                96.11336827300005,
                16.831849638000108
              ],
              [
                96.11387103900012,
                16.832067694000045
              ],
              [
                96.11388011500014,
                16.832071631000076
              ],
              [
                96.11403898900016,
                16.832160793000185
              ],
              [
                96.11410209000013,
                16.832187015000045
              ],
              [
                96.11444681200004,
                16.83172794300009
              ],
              [
                96.11488907800003,
                16.831138973
              ],
              [
                96.11494279700014,
                16.83099779300005
              ],
              [
                96.11511291300019,
                16.83055070800009
              ],
              [
                96.11795366000013,
                16.82308489000002
              ],
              [
                96.11807094200003,
                16.822776660000102
              ],
              [
                96.11801469,
                16.822059396999975
              ],
              [
                96.11795089800006,
                16.821246
              ],
              [
                96.11782817900013,
                16.81968120000016
              ],
              [
                96.11804879100009,
                16.818234716000177
              ],
              [
                96.12020239700013,
                16.813008904000185
              ],
              [
                96.1206255740002,
                16.811982047000186
              ],
              [
                96.12085810299999,
                16.811417808000158
              ],
              [
                96.1214775470001,
                16.80744177100007
              ],
              [
                96.12138039900003,
                16.802532031000055
              ],
              [
                96.1213763450001,
                16.802327166999987
              ],
              [
                96.12134961900017,
                16.80218640200019
              ],
              [
                96.12119197900012,
                16.801914215000124
              ],
              [
                96.12109184300016,
                16.801668168000106
              ],
              [
                96.12100315100008,
                16.801391602000137
              ],
              [
                96.12096087200007,
                16.801039696000146
              ],
              [
                96.12091255200016,
                16.800722121999968
              ],
              [
                96.12086105300006,
                16.800380707000045
              ],
              [
                96.12081718400009,
                16.80011940000003
              ],
              [
                96.1207828520001,
                16.79984092700016
              ],
              [
                96.12077140800005,
                16.799470902
              ],
              [
                96.12075996400017,
                16.79920387300001
              ],
              [
                96.12074535700009,
                16.79900375400007
              ],
              [
                96.120422309,
                16.797302265999974
              ],
              [
                96.120391316,
                16.79674361900004
              ],
              [
                96.12024245800012,
                16.794060506000164
              ],
              [
                96.12011537000012,
                16.79176977500009
              ],
              [
                96.12011171000017,
                16.791703812000037
              ],
              [
                96.12010712200015,
                16.791689878000113
              ],
              [
                96.11984222700016,
                16.790885401000082
              ],
              [
                96.11986420300019,
                16.79079033400012
              ],
              [
                96.11990396300013,
                16.790618335000033
              ],
              [
                96.11986579900014,
                16.79029579200005
              ],
              [
                96.11972694300005,
                16.78984642
              ],
              [
                96.11967754400013,
                16.789384842
              ],
              [
                96.11967113600014,
                16.78890337900009
              ],
              [
                96.11958133800016,
                16.788585330000103
              ],
              [
                96.11947991300019,
                16.78822610600008
              ],
              [
                96.1193035880001,
                16.787601599000027
              ],
              [
                96.11912637500006,
                16.78479943800005
              ],
              [
                96.1190410820002,
                16.783450738
              ],
              [
                96.11910528800018,
                16.783330332
              ],
              [
                96.12137039700013,
                16.779082559000187
              ],
              [
                96.12140071300013,
                16.77902570599997
              ],
              [
                96.12334906000012,
                16.77659438699999
              ],
              [
                96.12764106800017,
                16.7747213290001
              ],
              [
                96.12856090700018,
                16.774319906000187
              ],
              [
                96.12889810600007,
                16.774172749000172
              ],
              [
                96.1328761640001,
                16.77314335300008
              ],
              [
                96.13361253800008,
                16.77315331500006
              ],
              [
                96.13547045600012,
                16.77317844900017
              ],
              [
                96.13841684300013,
                16.77321830799997
              ],
              [
                96.1389826780001,
                16.772924319000083
              ],
              [
                96.14933071000013,
                16.771321612000065
              ],
              [
                96.14968707100002,
                16.771228322000184
              ],
              [
                96.15251474000013,
                16.770488085000125
              ],
              [
                96.15715520400005,
                16.769273289000182
              ],
              [
                96.15919034900014,
                16.768740521000154
              ],
              [
                96.15967782100012,
                16.76861290900007
              ],
              [
                96.16215445700004,
                16.76783650900012
              ],
              [
                96.16261347200009,
                16.767523864999987
              ],
              [
                96.1631415280001,
                16.76716419400003
              ],
              [
                96.16394477300003,
                16.76696805900002
              ],
              [
                96.16488571000019,
                16.766738302000135
              ],
              [
                96.16495195700008,
                16.766747698000188
              ],
              [
                96.16497993500008,
                16.766740799000047
              ],
              [
                96.1652679450001,
                16.76667213500008
              ],
              [
                96.16560936000019,
                16.766599655000107
              ],
              [
                96.16582955300004,
                16.76655561600012
              ],
              [
                96.16595268300011,
                16.76653099100008
              ],
              [
                96.16600403600017,
                16.76652402700006
              ],
              [
                96.166402817,
                16.766469955000048
              ],
              [
                96.16764513600003,
                16.766240438000125
              ],
              [
                96.16771867800009,
                16.766235596000115
              ],
              [
                96.16780600600003,
                16.766229848000137
              ],
              [
                96.17182440300007,
                16.765965317
              ],
              [
                96.17227221400009,
                16.765935838000132
              ],
              [
                96.17283303700003,
                16.76610431000006
              ],
              [
                96.17511827900012,
                16.765898812000103
              ],
              [
                96.1880661100002,
                16.766139816000134
              ],
              [
                96.19148642400006,
                16.765511447000108
              ],
              [
                96.19631415300006,
                16.765742876
              ],
              [
                96.19673095700011,
                16.76630411100018
              ],
              [
                96.19662623200009,
                16.767337124000107
              ],
              [
                96.19608507400005,
                16.76819706400005
              ],
              [
                96.19606866500004,
                16.768223139000156
              ],
              [
                96.19593825300007,
                16.768430373000058
              ],
              [
                96.19589026000011,
                16.768476832999966
              ],
              [
                96.19568700500008,
                16.768673596000042
              ],
              [
                96.19558906600003,
                16.768795649000083
              ],
              [
                96.19534641000001,
                16.76900331200011
              ],
              [
                96.1953201300002,
                16.76902580300009
              ],
              [
                96.19498888600015,
                16.76931572
              ],
              [
                96.19469642700017,
                16.769529343000045
              ],
              [
                96.19427490300012,
                16.76979446400003
              ],
              [
                96.19396400400007,
                16.770080566000104
              ],
              [
                96.19375133500012,
                16.77026939400008
              ],
              [
                96.1934633260002,
                16.77043628700011
              ],
              [
                96.19310188300005,
                16.770690918000128
              ],
              [
                96.1928577430001,
                16.770874024000022
              ],
              [
                96.19260025,
                16.771044731000188
              ],
              [
                96.19232368400003,
                16.771196366000027
              ],
              [
                96.19201850900009,
                16.77135086000004
              ],
              [
                96.19177309700007,
                16.771490097000083
              ],
              [
                96.19150924600018,
                16.771665573000064
              ],
              [
                96.19136103300008,
                16.771735371000148
              ],
              [
                96.191357262,
                16.771737147000124
              ],
              [
                96.19118118400019,
                16.771820068000125
              ],
              [
                96.19077205700017,
                16.772006989000033
              ],
              [
                96.19050788800007,
                16.772154808000096
              ],
              [
                96.19006443000018,
                16.77233982100006
              ],
              [
                96.18964290600013,
                16.77256488800009
              ],
              [
                96.189557127,
                16.772623856
              ],
              [
                96.18930117200006,
                16.77279980999998
              ],
              [
                96.1890653550002,
                16.772932006000133
              ],
              [
                96.18888664300016,
                16.773032189000162
              ],
              [
                96.1884708410002,
                16.77321720200007
              ],
              [
                96.18821907000006,
                16.77336692800003
              ],
              [
                96.18788909900002,
                16.77356720000006
              ],
              [
                96.18762397800003,
                16.77373123200016
              ],
              [
                96.18724632200008,
                16.773912430000053
              ],
              [
                96.18693924000007,
                16.774065018000044
              ],
              [
                96.18656253800015,
                16.774302482000166
              ],
              [
                96.1859416960001,
                16.77457428000008
              ],
              [
                96.18550396000012,
                16.774714470000163
              ],
              [
                96.18506685900013,
                16.774790446000054
              ],
              [
                96.18480682400019,
                16.77499294300003
              ],
              [
                96.184532166,
                16.775156975000073
              ],
              [
                96.18401908900012,
                16.77539825500014
              ],
              [
                96.18325615000015,
                16.775722503000168
              ],
              [
                96.18304616600017,
                16.77582428600016
              ],
              [
                96.18281936700015,
                16.775934219000078
              ],
              [
                96.18244870500018,
                16.77608871500007
              ],
              [
                96.18233968700008,
                16.776099948000024
              ],
              [
                96.18217722600019,
                16.776116689000105
              ],
              [
                96.18174552900012,
                16.776317597
              ],
              [
                96.18134880000008,
                16.776536941000018
              ],
              [
                96.18052482600007,
                16.77699661300005
              ],
              [
                96.17992973300017,
                16.777338029000077
              ],
              [
                96.17959785400012,
                16.777511597000057
              ],
              [
                96.17934354100015,
                16.77761904400012
              ],
              [
                96.17915344300002,
                16.777849198000183
              ],
              [
                96.17890928800017,
                16.77812267700017
              ],
              [
                96.17887077300009,
                16.778165818000105
              ],
              [
                96.17883235000005,
                16.77818744299998
              ],
              [
                96.17827841700012,
                16.778653738000116
              ],
              [
                96.177723185,
                16.77932862800003
              ],
              [
                96.17686307700006,
                16.78037410100012
              ],
              [
                96.17686165800006,
                16.780414794000023
              ],
              [
                96.17683822000004,
                16.781087065000122
              ],
              [
                96.17677544600019,
                16.78288756000012
              ],
              [
                96.17688168400008,
                16.783084949000056
              ],
              [
                96.1775922130002,
                16.784405104000086
              ],
              [
                96.178728025,
                16.785688510000057
              ],
              [
                96.18277748800011,
                16.787651084000117
              ],
              [
                96.18639285100005,
                16.788857149000137
              ],
              [
                96.18765046900018,
                16.790349531000174
              ],
              [
                96.18880403200018,
                16.79727937000007
              ],
              [
                96.19041315300018,
                16.80086824000017
              ],
              [
                96.19049497600008,
                16.801955937
              ],
              [
                96.19022653500019,
                16.80236518800001
              ],
              [
                96.19021606400008,
                16.80239296000019
              ],
              [
                96.19019450000008,
                16.802414028000157
              ],
              [
                96.18988869100008,
                16.802880250000044
              ],
              [
                96.1872181550001,
                16.80379013800018
              ],
              [
                96.18664909,
                16.803984026000023
              ],
              [
                96.18653876900004,
                16.804021614000135
              ],
              [
                96.18611676500012,
                16.804341314000112
              ],
              [
                96.1861753600001,
                16.80444698900004
              ],
              [
                96.18649814100007,
                16.80502911200017
              ],
              [
                96.18649971000008,
                16.805031941000152
              ],
              [
                96.18650827900018,
                16.805047396000077
              ],
              [
                96.18650912400017,
                16.80504892600004
              ],
              [
                96.18691995900014,
                16.80579335599998
              ],
              [
                96.18835631300016,
                16.80535685700005
              ],
              [
                96.19061843200018,
                16.803867695000122
              ],
              [
                96.19192880900016,
                16.80149439200011
              ],
              [
                96.19171547100007,
                16.799948164000057
              ],
              [
                96.19154722200011,
                16.799556824000035
              ],
              [
                96.19128031500014,
                16.79893601300006
              ],
              [
                96.19127655000011,
                16.798929215000044
              ],
              [
                96.19107246400006,
                16.79854393000005
              ],
              [
                96.19094276400017,
                16.798273087000098
              ],
              [
                96.19080352800006,
                16.79801368700015
              ],
              [
                96.1906518940001,
                16.797692299
              ],
              [
                96.19055938700018,
                16.797418595000124
              ],
              [
                96.19045257600015,
                16.797042847000114
              ],
              [
                96.19040548700008,
                16.79690120600003
              ],
              [
                96.19025724600016,
                16.796556405
              ],
              [
                96.1901377850001,
                16.796278544000188
              ],
              [
                96.19016817500011,
                16.79545817500008
              ],
              [
                96.19017109700019,
                16.795379297000125
              ],
              [
                96.19016965200018,
                16.795361200000173
              ],
              [
                96.19016838100015,
                16.79490089400008
              ],
              [
                96.19014167800015,
                16.794473649000167
              ],
              [
                96.19009971600008,
                16.794160843000043
              ],
              [
                96.19007873500004,
                16.79383659400014
              ],
              [
                96.1900691990001,
                16.793363571000157
              ],
              [
                96.19006824600012,
                16.79278183000008
              ],
              [
                96.19002723700004,
                16.79249382000006
              ],
              [
                96.18998473000016,
                16.792259125999976
              ],
              [
                96.189956349,
                16.79212825500008
              ],
              [
                96.18947329100018,
                16.79132719100005
              ],
              [
                96.1873853250001,
                16.787864675000094
              ],
              [
                96.18566865900016,
                16.78683134100004
              ],
              [
                96.18083085100011,
                16.78550243500007
              ],
              [
                96.17904949700016,
                16.784281435000082
              ],
              [
                96.17814505900009,
                16.783214894000025
              ],
              [
                96.1778448870001,
                16.782414800000083
              ],
              [
                96.17803213100018,
                16.781200918000025
              ],
              [
                96.17858807300018,
                16.78009310700014
              ],
              [
                96.18034366500012,
                16.77884269800012
              ],
              [
                96.18289363100007,
                16.777891007000164
              ],
              [
                96.18313345400009,
                16.777601487000027
              ],
              [
                96.18392700300012,
                16.777321480000012
              ],
              [
                96.18458374300013,
                16.77742291600009
              ],
              [
                96.18705230600017,
                16.776470239000048
              ],
              [
                96.19212327600019,
                16.773948001000065
              ],
              [
                96.19410968200003,
                16.772894061999978
              ],
              [
                96.1944575170001,
                16.77270950999997
              ],
              [
                96.19650687300003,
                16.77158889200018
              ],
              [
                96.19796460500004,
                16.77111564800009
              ],
              [
                96.19956457900008,
                16.770596227
              ],
              [
                96.20140477800004,
                16.77159050100005
              ],
              [
                96.20190057600018,
                16.772348343000033
              ],
              [
                96.20238625500014,
                16.77391349900006
              ],
              [
                96.20255362000006,
                16.774452854000174
              ],
              [
                96.20256177700008,
                16.77444941400006
              ],
              [
                96.20260248500011,
                16.77461032800005
              ],
              [
                96.20290382900015,
                16.775801487000138
              ],
              [
                96.20301592400011,
                16.775942685000075
              ],
              [
                96.20308493100003,
                16.77616506800007
              ],
              [
                96.20488089100013,
                16.778869109000084
              ],
              [
                96.20585461800016,
                16.78089538100005
              ],
              [
                96.206782916,
                16.78184208700003
              ],
              [
                96.20804248800016,
                16.782644708000134
              ],
              [
                96.20858017600005,
                16.78298733100013
              ],
              [
                96.210272,
                16.78406539000008
              ],
              [
                96.21149940200019,
                16.785291657000187
              ],
              [
                96.21349091400015,
                16.78642176400018
              ],
              [
                96.21855475500013,
                16.788300519000074
              ],
              [
                96.21965409700016,
                16.78946755600009
              ],
              [
                96.2200990020001,
                16.789700299000117
              ],
              [
                96.22096918400018,
                16.79015551700013
              ],
              [
                96.22169055799998,
                16.790795494
              ],
              [
                96.22236086200002,
                16.79139016500011
              ],
              [
                96.22387105500019,
                16.79238680800006
              ],
              [
                96.22478195200017,
                16.792722356000127
              ],
              [
                96.22537476800017,
                16.792940732999966
              ],
              [
                96.22598006700008,
                16.793978010000103
              ],
              [
                96.22630126300004,
                16.794528432000163
              ],
              [
                96.22731735400015,
                16.79542947800013
              ],
              [
                96.22762146300016,
                16.795569721000106
              ],
              [
                96.22937263200004,
                16.79637729
              ],
              [
                96.23113805700018,
                16.79761194200006
              ],
              [
                96.23132354400013,
                16.797780631000023
              ],
              [
                96.2370735610001,
                16.803009937000184
              ],
              [
                96.23707644400008,
                16.803011354000034
              ],
              [
                96.23911665700007,
                16.80401349100009
              ],
              [
                96.24008193100019,
                16.805305032000092
              ],
              [
                96.24385280800016,
                16.80714698700018
              ],
              [
                96.24588953500017,
                16.807610458000056
              ],
              [
                96.24752483800006,
                16.80839703700002
              ],
              [
                96.24975803900014,
                16.80857009900018
              ],
              [
                96.25248593900011,
                16.809444168000084
              ],
              [
                96.25662479800013,
                16.81002408300003
              ],
              [
                96.26062315000007,
                16.809544798000047
              ],
              [
                96.26731451400019,
                16.8107688180001
              ],
              [
                96.26817546600017,
                16.81132453400005
              ],
              [
                96.26959303800004,
                16.81303196200014
              ],
              [
                96.2715893570001,
                16.81641064200005
              ],
              [
                96.2727803950001,
                16.8179365470001
              ],
              [
                96.27370844600006,
                16.819125526000164
              ],
              [
                96.27480410200008,
                16.820529232000126
              ],
              [
                96.27558037900013,
                16.82102855800008
              ],
              [
                96.27642692100017,
                16.821573079000075
              ],
              [
                96.27699407800009,
                16.822247471000082
              ],
              [
                96.27739765000013,
                16.822727349000047
              ],
              [
                96.28017431000018,
                16.824825690000182
              ],
              [
                96.28165882400009,
                16.826248423000038
              ],
              [
                96.28260108800004,
                16.82715147300013
              ],
              [
                96.28279127300004,
                16.82733374300011
              ],
              [
                96.2864830040001,
                16.82943908600015
              ],
              [
                96.29726459700015,
                16.830806832000178
              ],
              [
                96.29915974700009,
                16.831340253000178
              ],
              [
                96.30009601400002,
                16.83179592500005
              ],
              [
                96.30109357300006,
                16.832281427000055
              ],
              [
                96.30170699300004,
                16.833443009000064
              ],
              [
                96.30181074100005,
                16.833841814000095
              ],
              [
                96.30221463800018,
                16.835394400000155
              ],
              [
                96.30224443300006,
                16.84032797400016
              ],
              [
                96.3022491050001,
                16.841101586000036
              ],
              [
                96.30212449200019,
                16.841476639000064
              ],
              [
                96.30156778300005,
                16.84315219800004
              ],
              [
                96.3010885130002,
                16.84619215900011
              ],
              [
                96.30047195500015,
                16.8542826420001
              ],
              [
                96.30016368900004,
                16.855299682000066
              ],
              [
                96.30030534000014,
                16.856017614000166
              ],
              [
                96.30039988900006,
                16.856496823999976
              ],
              [
                96.30012258800008,
                16.856943822000062
              ],
              [
                96.29996392900006,
                16.857199573000173
              ],
              [
                96.30023831800008,
                16.85763500900009
              ],
              [
                96.30000915800014,
                16.860355034
              ],
              [
                96.30045312100003,
                16.861808678000045
              ],
              [
                96.30054632100007,
                16.86411158400017
              ],
              [
                96.30095748700018,
                16.865891440000155
              ],
              [
                96.30103354000016,
                16.869097843000134
              ],
              [
                96.30156259200004,
                16.873269546000074
              ],
              [
                96.30230254400016,
                16.876047445000154
              ],
              [
                96.30336178600004,
                16.878138214000046
              ],
              [
                96.30458222400017,
                16.879957853000064
              ],
              [
                96.30460357100003,
                16.879999942999973
              ],
              [
                96.30462489000013,
                16.880021467000176
              ],
              [
                96.30500030000007,
                16.880400485999985
              ],
              [
                96.30524546000015,
                16.88064800400008
              ],
              [
                96.30539702800007,
                16.880801031000033
              ],
              [
                96.30547083200014,
                16.880892242000186
              ],
              [
                96.30580138400012,
                16.881300755000154
              ],
              [
                96.30613818400008,
                16.881572785000117
              ],
              [
                96.30613825600011,
                16.88157284300013
              ],
              [
                96.30629729700001,
                16.881701298000166
              ],
              [
                96.30638880200007,
                16.88179194100013
              ],
              [
                96.30670165400016,
                16.882101842999987
              ],
              [
                96.3071319340001,
                16.88231698300001
              ],
              [
                96.30750273900014,
                16.882502385000123
              ],
              [
                96.30829619800011,
                16.882902928000135
              ],
              [
                96.30870055500009,
                16.883303473000126
              ],
              [
                96.30919646500013,
                16.883803197000077
              ],
              [
                96.30960082400009,
                16.88419992600012
              ],
              [
                96.3099975520002,
                16.88460046800003
              ],
              [
                96.31040190900018,
                16.88500101300008
              ],
              [
                96.31040411500004,
                16.885003050000137
              ],
              [
                96.31056891200006,
                16.88515524200011
              ],
              [
                96.31169890700005,
                16.886202643
              ],
              [
                96.31249999200014,
                16.886702368000044
              ],
              [
                96.3133010790001,
                16.88710291000018
              ],
              [
                96.31379699000018,
                16.88750345200009
              ],
              [
                96.31420134900014,
                16.887900181000134
              ],
              [
                96.31500243400006,
                16.888300726000125
              ],
              [
                96.31580352100019,
                16.888800450000133
              ],
              [
                96.31670379100007,
                16.889200993000145
              ],
              [
                96.31749724700018,
                16.889601538000136
              ],
              [
                96.3182983320001,
                16.890002080000045
              ],
              [
                96.31919860200014,
                16.890402623000057
              ],
              [
                96.31960296100016,
                16.890803164999966
              ],
              [
                96.31999968700012,
                16.891302892000056
              ],
              [
                96.3212966850001,
                16.891703435000068
              ],
              [
                96.32250212900004,
                16.89210016300018
              ],
              [
                96.32420348600004,
                16.892500708
              ],
              [
                96.32579802700008,
                16.892901251000012
              ],
              [
                96.32669829700012,
                16.89330179300015
              ],
              [
                96.32749938400008,
                16.893702335000057
              ],
              [
                96.32782112500013,
                16.89409996100011
              ],
              [
                96.32790374100006,
                16.894202063000023
              ],
              [
                96.32830046900017,
                16.894602605000102
              ],
              [
                96.32879637900015,
                16.895003147000068
              ],
              [
                96.32920073900004,
                16.895399876000113
              ],
              [
                96.32959746700004,
                16.895800421000104
              ],
              [
                96.33000182400019,
                16.896200963000013
              ],
              [
                96.33039855200013,
                16.896700688000067
              ],
              [
                96.33080291100009,
                16.897101233000114
              ],
              [
                96.33129882200018,
                16.897501775000023
              ],
              [
                96.33170317800005,
                16.897902318000035
              ],
              [
                96.33209990900014,
                16.898302860000115
              ],
              [
                96.33249663700008,
                16.898802586999977
              ],
              [
                96.33290099400006,
                16.89920312999999
              ],
              [
                96.333297722,
                16.90000040300015
              ],
              [
                96.33370091400019,
                16.900799174999975
              ],
              [
                96.33370208100018,
                16.90080148800007
              ],
              [
                96.3341979920001,
                16.901301212000078
              ],
              [
                96.33435844600001,
                16.901460154000063
              ],
              [
                96.33460234800015,
                16.901701758000172
              ],
              [
                96.33478125000005,
                16.90206299800019
              ],
              [
                96.334999079,
                16.902502842
              ],
              [
                96.33540343600015,
                16.903300116000082
              ],
              [
                96.33580016400015,
                16.90370065800016
              ],
              [
                96.33596100100004,
                16.903860276000046
              ],
              [
                96.33599839100009,
                16.903897383000185
              ],
              [
                96.33630370300011,
                16.904200383000045
              ],
              [
                96.33656861800011,
                16.904735305000088
              ],
              [
                96.33670043400019,
                16.905001470000173
              ],
              [
                96.33709716200013,
                16.905802555000093
              ],
              [
                96.33789824700011,
                16.90670282500014
              ],
              [
                96.33790675200015,
                16.90670406800018
              ],
              [
                96.34251677500015,
                16.907377789
              ],
              [
                96.34251712100018,
                16.907376857000145
              ],
              [
                96.34263477200005,
                16.907059844000116
              ],
              [
                96.34373869000007,
                16.904085310000028
              ],
              [
                96.343634011,
                16.903072479000173
              ],
              [
                96.3435940780002,
                16.902686092000067
              ],
              [
                96.34307594700005,
                16.900835618000087
              ],
              [
                96.34210202200018,
                16.89920313900012
              ],
              [
                96.34169766400015,
                16.898302871000055
              ],
              [
                96.34115145300012,
                16.89646849900015
              ],
              [
                96.33959958100019,
                16.89500315700002
              ],
              [
                96.33952288000012,
                16.89484827900003
              ],
              [
                96.33920285200014,
                16.894202071
              ],
              [
                96.33879849400006,
                16.893301802000053
              ],
              [
                96.33830258400008,
                16.89290125900004
              ],
              [
                96.3378982270001,
                16.892500717000132
              ],
              [
                96.33750149700012,
                16.892100172000085
              ],
              [
                96.3367004120002,
                16.89130290100013
              ],
              [
                96.33580014200015,
                16.890803176000077
              ],
              [
                96.33499905700018,
                16.890402632000132
              ],
              [
                96.33460232700003,
                16.89000208900012
              ],
              [
                96.3341979700001,
                16.889601546000108
              ],
              [
                96.33370205900019,
                16.88920100400003
              ],
              [
                96.3332977010001,
                16.888800459000038
              ],
              [
                96.33290097200006,
                16.888300734000154
              ],
              [
                96.33249661500008,
                16.887900192000075
              ],
              [
                96.33170315700016,
                16.887503462000097
              ],
              [
                96.33062729300013,
                16.88649537300006
              ],
              [
                96.32997459400002,
                16.885883791000083
              ],
              [
                96.32808593800007,
                16.88507869800003
              ],
              [
                96.327903719,
                16.885001022000154
              ],
              [
                96.32784853400017,
                16.884946358000093
              ],
              [
                96.32749936200008,
                16.88460047900014
              ],
              [
                96.32669827500013,
                16.88419993400015
              ],
              [
                96.32579800600013,
                16.883803205999982
              ],
              [
                96.3249969200001,
                16.883303481000098
              ],
              [
                96.32420346400005,
                16.88290293700004
              ],
              [
                96.32379910500003,
                16.882502394000028
              ],
              [
                96.32330319400012,
                16.882101851000186
              ],
              [
                96.3225021090002,
                16.88170130900005
              ],
              [
                96.32219396300013,
                16.881547236000017
              ],
              [
                96.32170102200007,
                16.881300765000162
              ],
              [
                96.32080075300013,
                16.880801039
              ],
              [
                96.3199996670001,
                16.880400497000096
              ],
              [
                96.31960293900016,
                16.87999995299998
              ],
              [
                96.31919858000015,
                16.879603224000107
              ],
              [
                96.31829831100004,
                16.879202681000095
              ],
              [
                96.31749722500018,
                16.878702957000144
              ],
              [
                96.31710049700001,
                16.878302412000153
              ],
              [
                96.31691679900013,
                16.87793148300011
              ],
              [
                96.31670376900007,
                16.877501327
              ],
              [
                96.31657426600009,
                16.877244766000047
              ],
              [
                96.31629940900018,
                16.876700239000172
              ],
              [
                96.3160323580002,
                16.87621543900002
              ],
              [
                96.31580350000007,
                16.87579997200004
              ],
              [
                96.3158044010001,
                16.875778855000135
              ],
              [
                96.31585137900004,
                16.874679133000086
              ],
              [
                96.31579895900018,
                16.87436118400018
              ],
              [
                96.31533537299998,
                16.865433776000145
              ],
              [
                96.31548108400006,
                16.862562014
              ],
              [
                96.31514865899999,
                16.85844421600018
              ],
              [
                96.3146367080002,
                16.852102608000052
              ],
              [
                96.31445794300004,
                16.849888211000064
              ],
              [
                96.31381778300005,
                16.84807507500011
              ],
              [
                96.31365088700005,
                16.84609910900008
              ],
              [
                96.31275938400012,
                16.842776514000036
              ],
              [
                96.31272912200012,
                16.842663726000126
              ],
              [
                96.3122677250002,
                16.840944118000152
              ],
              [
                96.31225313200014,
                16.84065203400013
              ],
              [
                96.31222860700018,
                16.84016115000003
              ],
              [
                96.31198844700003,
                16.83896035200013
              ],
              [
                96.3112692110002,
                16.8355679820001
              ],
              [
                96.31111842300015,
                16.834856773000126
              ],
              [
                96.31086610400013,
                16.833843882999986
              ],
              [
                96.31065803700005,
                16.833008641
              ],
              [
                96.31032644800007,
                16.832415381000146
              ],
              [
                96.30843319299998,
                16.82902809600006
              ],
              [
                96.30764037000006,
                16.827609630000154
              ],
              [
                96.304285505,
                16.82421448500014
              ],
              [
                96.30215234399998,
                16.82309692900003
              ],
              [
                96.30195253400018,
                16.823029457000132
              ],
              [
                96.30003907600013,
                16.822383323000167
              ],
              [
                96.29967488400018,
                16.822038060000125
              ],
              [
                96.29959307500008,
                16.822022499000127
              ],
              [
                96.29960984600012,
                16.821976402000132
              ],
              [
                96.29932156400008,
                16.821703102000072
              ],
              [
                96.29501157300007,
                16.820974600000056
              ],
              [
                96.29227724600008,
                16.820512427000097
              ],
              [
                96.28704080100016,
                16.820643241000084
              ],
              [
                96.28522518400013,
                16.820688599000107
              ],
              [
                96.28439592300015,
                16.82112508300014
              ],
              [
                96.28365010600015,
                16.820866804
              ],
              [
                96.2830040990001,
                16.81867694300007
              ],
              [
                96.28282964300007,
                16.818085565
              ],
              [
                96.28290368700016,
                16.81765894700004
              ],
              [
                96.28270461000011,
                16.815640667000025
              ],
              [
                96.2823365530001,
                16.813894308000044
              ],
              [
                96.28219493200004,
                16.81322234000004
              ],
              [
                96.28071508900007,
                16.809701578000045
              ],
              [
                96.2795123040001,
                16.80795536500011
              ],
              [
                96.27876689300018,
                16.806873172000167
              ],
              [
                96.27771143900003,
                16.80534085500011
              ],
              [
                96.27718028200007,
                16.804569717999982
              ],
              [
                96.27505593900008,
                16.802944061000062
              ],
              [
                96.2734301700001,
                16.80081981400008
              ],
              [
                96.27054653200008,
                16.798605678
              ],
              [
                96.26978946200012,
                16.79802437900014
              ],
              [
                96.26962027000019,
                16.797701053000026
              ],
              [
                96.26910964500013,
                16.79740044500005
              ],
              [
                96.26856485900015,
                16.79707972600005
              ],
              [
                96.26547415400012,
                16.79558956400001
              ],
              [
                96.26469045800013,
                16.795019603000014
              ],
              [
                96.261030694,
                16.79189281400005
              ],
              [
                96.25976868900011,
                16.79081459600019
              ],
              [
                96.25754579000017,
                16.789283185000045
              ],
              [
                96.25579268200005,
                16.78839714300011
              ],
              [
                96.25373126900013,
                16.787355280000156
              ],
              [
                96.25119589400003,
                16.787037455000018
              ],
              [
                96.2477205460001,
                16.786601800000142
              ],
              [
                96.24762399000008,
                16.78658969600002
              ],
              [
                96.24728064800007,
                16.78654665600004
              ],
              [
                96.24690599000019,
                16.786499690000028
              ],
              [
                96.24579303500019,
                16.78636017500014
              ],
              [
                96.24439803100006,
                16.78618530300008
              ],
              [
                96.23872359100005,
                16.784101221000128
              ],
              [
                96.2342286880002,
                16.78344479300017
              ],
              [
                96.22734422200006,
                16.781405778000078
              ],
              [
                96.22259443700011,
                16.778986861000078
              ],
              [
                96.22005592300019,
                16.777694075000056
              ],
              [
                96.21708607900013,
                16.774508450000155
              ],
              [
                96.21638970800018,
                16.77271882300016
              ],
              [
                96.21551041100014,
                16.76653436700002
              ],
              [
                96.21565837000003,
                16.762139556000136
              ],
              [
                96.21577362500005,
                16.75871614
              ],
              [
                96.21604598800013,
                16.757728007000026
              ],
              [
                96.21616543700014,
                16.75729464600016
              ],
              [
                96.21614637100004,
                16.755956420000132
              ],
              [
                96.21613446700007,
                16.755120937000186
              ],
              [
                96.21623318700011,
                16.75442427100006
              ],
              [
                96.21652162100014,
                16.75238877700008
              ],
              [
                96.21657626100006,
                16.752003182000067
              ],
              [
                96.21715580100005,
                16.750655972000118
              ],
              [
                96.21917572500018,
                16.748480831
              ],
              [
                96.22106807199998,
                16.746443071000158
              ],
              [
                96.22341805000013,
                16.742543050000165
              ],
              [
                96.22466972300003,
                16.74116971100011
              ],
              [
                96.2263753790001,
                16.736154676000012
              ],
              [
                96.22655707300004,
                16.73447516300007
              ],
              [
                96.2272083860002,
                16.73269214800007
              ],
              [
                96.22734651700017,
                16.73024426400002
              ],
              [
                96.22740051700004,
                16.729287298000088
              ],
              [
                96.22798196900015,
                16.7270136300001
              ],
              [
                96.22799653300012,
                16.724904505000097
              ],
              [
                96.22682633000005,
                16.719758572000046
              ],
              [
                96.22664626700015,
                16.718966751000153
              ],
              [
                96.2257754580001,
                16.712341626000068
              ],
              [
                96.22577851400018,
                16.71179052400015
              ],
              [
                96.225471556,
                16.709456282000076
              ],
              [
                96.22548483800006,
                16.709409502000142
              ],
              [
                96.22646481300006,
                16.705958366
              ],
              [
                96.22785878200017,
                16.700890076000064
              ],
              [
                96.22773909400007,
                16.700326038000128
              ],
              [
                96.22906958700008,
                16.69465782100019
              ],
              [
                96.22886315200014,
                16.69421626700006
              ],
              [
                96.22915249800013,
                16.693683678000127
              ],
              [
                96.23148666400016,
                16.68905443200009
              ],
              [
                96.2328501990001,
                16.68635019900006
              ],
              [
                96.23329207500007,
                16.68563351800003
              ],
              [
                96.2356153670001,
                16.681865367000057
              ],
              [
                96.23613853100005,
                16.68134981700007
              ],
              [
                96.23662269700014,
                16.68087269700004
              ],
              [
                96.2368145490002,
                16.680495230000133
              ],
              [
                96.23866593500009,
                16.676852634
              ],
              [
                96.2390658340002,
                16.6760658340001
              ],
              [
                96.24089248900009,
                16.674626078000188
              ],
              [
                96.24220272900016,
                16.673315839000054
              ],
              [
                96.24280472400011,
                16.672661596000182
              ],
              [
                96.24280505300004,
                16.672661799000082
              ],
              [
                96.24281762600015,
                16.672648147000018
              ],
              [
                96.24284120300001,
                16.672666314000026
              ],
              [
                96.24305366300018,
                16.672391590000018
              ],
              [
                96.24354770400015,
                16.67175276300003
              ],
              [
                96.24614245100014,
                16.668858793000027
              ],
              [
                96.24655594300009,
                16.66858484500011
              ],
              [
                96.24747928000016,
                16.667973112000027
              ],
              [
                96.24787672500014,
                16.667381248000083
              ],
              [
                96.24837791400012,
                16.666634891000058
              ],
              [
                96.25176472000004,
                16.663681391000125
              ],
              [
                96.25307521000008,
                16.662075211000058
              ],
              [
                96.25431864600012,
                16.661377359000085
              ],
              [
                96.25579742600007,
                16.66054742600005
              ],
              [
                96.2561807100002,
                16.65968071000009
              ],
              [
                96.25901094400007,
                16.656760852000104
              ],
              [
                96.26029663800006,
                16.65494394400008
              ],
              [
                96.26088122300018,
                16.65411782299998
              ],
              [
                96.26140177500008,
                16.65371944400016
              ],
              [
                96.26176636500003,
                16.653440423000063
              ],
              [
                96.26176969000005,
                16.65331179200018
              ],
              [
                96.26180444900018,
                16.651966875000028
              ],
              [
                96.26287772400008,
                16.649908910000022
              ],
              [
                96.26340256600014,
                16.64890254500017
              ],
              [
                96.2648176030001,
                16.644926852000083
              ],
              [
                96.26506568000008,
                16.642328175000102
              ],
              [
                96.26529937300018,
                16.639880156000117
              ],
              [
                96.2653476810001,
                16.63937411400019
              ],
              [
                96.26505992900007,
                16.637409126000136
              ],
              [
                96.26393555600004,
                16.629731062000076
              ],
              [
                96.26301121900019,
                16.626217007000037
              ],
              [
                96.26305428700005,
                16.626142517000062
              ],
              [
                96.26282515100007,
                16.625415674000067
              ],
              [
                96.26018876100005,
                16.617052715000113
              ],
              [
                96.25972743300008,
                16.615589326000077
              ],
              [
                96.25936507600005,
                16.614439882
              ],
              [
                96.25960562600005,
                16.61245563200015
              ],
              [
                96.25958341500007,
                16.612317542000085
              ],
              [
                96.26006175700007,
                16.608485542000096
              ],
              [
                96.26010072100007,
                16.608371684000076
              ],
              [
                96.26105705900017,
                16.60557715500005
              ],
              [
                96.26115777100011,
                16.605282861000035
              ],
              [
                96.26118507000018,
                16.605250057000035
              ],
              [
                96.26734639000017,
                16.59784639000003
              ],
              [
                96.26924938700012,
                16.59466605400013
              ],
              [
                96.27250213100012,
                16.587926190000076
              ],
              [
                96.2742032770002,
                16.583550053000067
              ],
              [
                96.27453434800015,
                16.58269838600006
              ],
              [
                96.27588346800007,
                16.58160277999997
              ],
              [
                96.27695139300005,
                16.581501001
              ],
              [
                96.27760399900006,
                16.58175180700016
              ],
              [
                96.2776068170001,
                16.581755839000152
              ],
              [
                96.27833967600009,
                16.584166825000125
              ],
              [
                96.27888106500018,
                16.58594790600017
              ],
              [
                96.2787182310002,
                16.587031474000128
              ],
              [
                96.27836226700009,
                16.589400207999972
              ],
              [
                96.27791976400016,
                16.59423343000003
              ],
              [
                96.27900605900004,
                16.596472338000183
              ],
              [
                96.28011390700004,
                16.598755666000102
              ],
              [
                96.28028481000007,
                16.59910790700019
              ],
              [
                96.28174567300005,
                16.60073108900002
              ],
              [
                96.28174569600014,
                16.600731114000098
              ],
              [
                96.28224372500006,
                16.60128448000006
              ],
              [
                96.282653417,
                16.60173969400006
              ],
              [
                96.28804857700004,
                16.60450306600012
              ],
              [
                96.28882404400014,
                16.604562716999965
              ],
              [
                96.2919254430002,
                16.604801286999987
              ],
              [
                96.29254948900012,
                16.60484929100005
              ],
              [
                96.29318055700008,
                16.604897834999974
              ],
              [
                96.29457585199998,
                16.60555069600008
              ],
              [
                96.29899991900004,
                16.60762072200015
              ],
              [
                96.29977745100007,
                16.607984530000067
              ],
              [
                96.30029296200019,
                16.608225739000034
              ],
              [
                96.300659323,
                16.608847662000073
              ],
              [
                96.30202102100009,
                16.611159240000177
              ],
              [
                96.30215964200005,
                16.61128255200009
              ],
              [
                96.30510499200005,
                16.61390265000017
              ],
              [
                96.30512999800015,
                16.61392489500014
              ],
              [
                96.30515840300012,
                16.613939075000076
              ],
              [
                96.30611926800015,
                16.614418750000027
              ],
              [
                96.30754470300002,
                16.6151303420001
              ],
              [
                96.3094444210002,
                16.61547747800006
              ],
              [
                96.31219863100017,
                16.616949952000027
              ],
              [
                96.31393431900005,
                16.618586458000095
              ],
              [
                96.3144531170002,
                16.620829498000035
              ],
              [
                96.31652450000007,
                16.621695434000117
              ],
              [
                96.3213615360001,
                16.626700318000132
              ],
              [
                96.32257079500005,
                16.629809295000086
              ],
              [
                96.32397526100004,
                16.630674341000088
              ],
              [
                96.32441355999998,
                16.630944301
              ],
              [
                96.32466053400003,
                16.63099624700004
              ],
              [
                96.32519516000019,
                16.63113163000014
              ],
              [
                96.32532117900007,
                16.63119749200007
              ],
              [
                96.32573360500004,
                16.631592664000095
              ],
              [
                96.3258436970001,
                16.63170141400002
              ],
              [
                96.32600545000008,
                16.63186119300002
              ],
              [
                96.32640989000015,
                16.631964907999986
              ],
              [
                96.32878875100005,
                16.63257495000005
              ],
              [
                96.33119582500012,
                16.63346759200016
              ],
              [
                96.33517871700013,
                16.633015988000125
              ],
              [
                96.33604049000013,
                16.632918275000122
              ],
              [
                96.34001158900014,
                16.631365692000145
              ],
              [
                96.34294890600012,
                16.63153735400016
              ],
              [
                96.34375709500006,
                16.631710993000013
              ],
              [
                96.34420483600007,
                16.631807190000075
              ],
              [
                96.34590046000005,
                16.631793909000123
              ],
              [
                96.34622718200006,
                16.631793909000123
              ],
              [
                96.34618786100015,
                16.631958740000186
              ],
              [
                96.34688761500013,
                16.6318760420001
              ],
              [
                96.34784495399998,
                16.631762902000162
              ],
              [
                96.34830092600009,
                16.631709014000137
              ],
              [
                96.35158156800009,
                16.63153735400016
              ],
              [
                96.352443688,
                16.632056152000075
              ],
              [
                96.35469054500004,
                16.63257495000005
              ],
              [
                96.35728072400019,
                16.63308993700008
              ],
              [
                96.36038970300012,
                16.632918275000122
              ],
              [
                96.3629798820001,
                16.63274661300011
              ],
              [
                96.36470794100018,
                16.633265411000025
              ],
              [
                96.368366235,
                16.63346759200016
              ],
              [
                96.3695931380002,
                16.63293063900005
              ],
              [
                96.3731689380001,
                16.631365692000145
              ],
              [
                96.3793830800002,
                16.62462893800017
              ],
              [
                96.38214873600003,
                16.62272921900012
              ],
              [
                96.39078139700013,
                16.622557557000107
              ],
              [
                96.39561843300015,
                16.619620239000085
              ],
              [
                96.40649794900008,
                16.613749419000158
              ],
              [
                96.40943145000006,
                16.613406097
              ],
              [
                96.41027682700008,
                16.6139902540001
              ],
              [
                96.41167830700005,
                16.614958680000143
              ],
              [
                96.41685866500006,
                16.620139037
              ],
              [
                96.41875838600009,
                16.620829498000035
              ],
              [
                96.42134856500007,
                16.62031070000012
              ],
              [
                96.42290114800005,
                16.61910525600001
              ],
              [
                96.42341994600014,
                16.61651507700003
              ],
              [
                96.4250068610001,
                16.614176666000105
              ],
              [
                96.42773818400002,
                16.61357775900018
              ],
              [
                96.43032836200013,
                16.61357775900018
              ],
              [
                96.43481825999999,
                16.61357775900018
              ],
              [
                96.43827056100008,
                16.615649140000073
              ],
              [
                96.44051741800013,
                16.618929779000155
              ],
              [
                96.44120902200012,
                16.61969176700012
              ],
              [
                96.44224166300006,
                16.620829498000035
              ],
              [
                96.44483565600018,
                16.620829498000035
              ],
              [
                96.44673156100009,
                16.619967378000126
              ],
              [
                96.44845962000016,
                16.617895997000062
              ],
              [
                96.44913768400016,
                16.61748975600011
              ],
              [
                96.44932555600008,
                16.617377199000146
              ],
              [
                96.44949492000006,
                16.61744501900006
              ],
              [
                96.4510497980001,
                16.61806765700004
              ],
              [
                96.45294951700015,
                16.618929779000155
              ],
              [
                96.45605849700019,
                16.61841479499998
              ],
              [
                96.45951079800011,
                16.616686736000133
              ],
              [
                96.46313857300015,
                16.614268220000042
              ],
              [
                96.46503829400001,
                16.61323062100007
              ],
              [
                96.46664848,
                16.613280514
              ],
              [
                96.46786576400001,
                16.61295065900015
              ],
              [
                96.46797560900012,
                16.612540160000037
              ],
              [
                96.4667663510001,
                16.611678041
              ],
              [
                96.46469115600007,
                16.611678041
              ],
              [
                96.46244811300005,
                16.61219683900015
              ],
              [
                96.46072005600013,
                16.613406097
              ],
              [
                96.45795821500013,
                16.615649140000073
              ],
              [
                96.44949721600005,
                16.61616793800016
              ],
              [
                96.44673156100009,
                16.617377199000146
              ],
              [
                96.4439697200001,
                16.61910525600001
              ],
              [
                96.44224166300006,
                16.617720521000138
              ],
              [
                96.43896102100001,
                16.61357775900018
              ],
              [
                96.43585585900013,
                16.61219683900015
              ],
              [
                96.43525878200006,
                16.61204757000013
              ],
              [
                96.43378066400015,
                16.611678041
              ],
              [
                96.43274688200006,
                16.61133090200019
              ],
              [
                96.43119048500012,
                16.61133090200019
              ],
              [
                96.42652892500007,
                16.61133090200019
              ],
              [
                96.42324828300008,
                16.613058961000036
              ],
              [
                96.4211769050001,
                16.61720553700013
              ],
              [
                96.42048644500017,
                16.61841479499998
              ],
              [
                96.4189300480001,
                16.618586458000095
              ],
              [
                96.4165115290001,
                16.61616793800016
              ],
              [
                96.41133117100009,
                16.612025177000135
              ],
              [
                96.40805052900009,
                16.61133090200019
              ],
              [
                96.40528869100018,
                16.611678041
              ],
              [
                96.4002799930002,
                16.614439882
              ],
              [
                96.39440917200017,
                16.617377199000146
              ],
              [
                96.3895721360002,
                16.620829498000035
              ],
              [
                96.38266753400018,
                16.620486176000043
              ],
              [
                96.37821268600015,
                16.62202663900007
              ],
              [
                96.37817763600009,
                16.62203875900019
              ],
              [
                96.37541198100018,
                16.623938476999967
              ],
              [
                96.37299346200018,
                16.625838196000018
              ],
              [
                96.37092208100012,
                16.628947173000142
              ],
              [
                96.36867904100012,
                16.630156434000128
              ],
              [
                96.3657417230001,
                16.630328096000085
              ],
              [
                96.36125182300003,
                16.630328096000085
              ],
              [
                96.35693358800006,
                16.630328096000085
              ],
              [
                96.35296248600014,
                16.628947173000142
              ],
              [
                96.34881972700009,
                16.62825671500002
              ],
              [
                96.34519194900014,
                16.62756625500009
              ],
              [
                96.34156417200012,
                16.62756625500009
              ],
              [
                96.33724974800015,
                16.628947173000142
              ],
              [
                96.33068847000015,
                16.629809295000086
              ],
              [
                96.32688093200005,
                16.627690385000108
              ],
              [
                96.32280166800001,
                16.625321778000114
              ],
              [
                96.32034635600007,
                16.622620935000043
              ],
              [
                96.32016988100014,
                16.622426813000118
              ],
              [
                96.3188539900001,
                16.61703165600005
              ],
              [
                96.31609061500012,
                16.61413669200016
              ],
              [
                96.31056386900008,
                16.613873515000137
              ],
              [
                96.30701096000018,
                16.613215570000136
              ],
              [
                96.30464235200014,
                16.610978551000073
              ],
              [
                96.29977416400004,
                16.6051167600001
              ],
              [
                96.29582587400006,
                16.60295161000016
              ],
              [
                96.2894448350001,
                16.60129726499997
              ],
              [
                96.28955648300007,
                16.60122116100007
              ],
              [
                96.2894190670001,
                16.60119908300004
              ],
              [
                96.28570156600006,
                16.599465131000102
              ],
              [
                96.28405644700013,
                16.598193553000044
              ],
              [
                96.28252234300004,
                16.59606093800005
              ],
              [
                96.282033792,
                16.59460838200016
              ],
              [
                96.28199746500013,
                16.59124836500007
              ],
              [
                96.28273399600005,
                16.58427391400005
              ],
              [
                96.28280859000017,
                16.57741414500009
              ],
              [
                96.28327880200015,
                16.576215537000053
              ],
              [
                96.28542351100009,
                16.570748511000147
              ],
              [
                96.28629583600002,
                16.564629049000075
              ],
              [
                96.28784929600016,
                16.561243102000105
              ],
              [
                96.28882671400004,
                16.560736767000037
              ],
              [
                96.28872549300007,
                16.560090091
              ],
              [
                96.28932144600009,
                16.559085748000143
              ],
              [
                96.29136057600005,
                16.557610905000047
              ],
              [
                96.29139680800006,
                16.557593016000112
              ],
              [
                96.30102320200018,
                16.552840075
              ],
              [
                96.30181969400019,
                16.551848915000107
              ],
              [
                96.30253781200008,
                16.551591574000042
              ],
              [
                96.30351202800006,
                16.550648197000044
              ],
              [
                96.30863824,
                16.548274221999975
              ],
              [
                96.31028880900004,
                16.546921298000143
              ],
              [
                96.31156762100017,
                16.54675688200001
              ],
              [
                96.31281863200002,
                16.545816749000153
              ],
              [
                96.31338749700012,
                16.54538924800005
              ],
              [
                96.31776005600017,
                16.54340988700011
              ],
              [
                96.320373228,
                16.540934244000027
              ],
              [
                96.32140563800016,
                16.540876283000102
              ],
              [
                96.32584821700016,
                16.53940927700006
              ],
              [
                96.32729206200014,
                16.539193972000078
              ],
              [
                96.33109942600004,
                16.53709944500008
              ],
              [
                96.33316872300009,
                16.536418723000054
              ],
              [
                96.33786363100006,
                16.533613630000048
              ],
              [
                96.33824901300017,
                16.533505902
              ],
              [
                96.33962208300005,
                16.533122083000137
              ],
              [
                96.3407610160001,
                16.532411016000026
              ],
              [
                96.3421201450002,
                16.53087010700017
              ],
              [
                96.34576090500013,
                16.528219846000184
              ],
              [
                96.34880636000014,
                16.52672832600001
              ],
              [
                96.351453149,
                16.525432056000056
              ],
              [
                96.351864196,
                16.524603418000083
              ],
              [
                96.35550531900009,
                16.521671997000112
              ],
              [
                96.35687999100014,
                16.520129991000033
              ],
              [
                96.361573513,
                16.51657351300014
              ],
              [
                96.36224518500018,
                16.515495185000077
              ],
              [
                96.36641665200011,
                16.511916652000025
              ],
              [
                96.36747924800005,
                16.51031258100005
              ],
              [
                96.37061807500015,
                16.507868075000147
              ],
              [
                96.37575468300008,
                16.502754683000035
              ],
              [
                96.37666358300015,
                16.502409271000033
              ],
              [
                96.37833345800004,
                16.500334098
              ],
              [
                96.38133290800005,
                16.49895791
              ],
              [
                96.38224371600012,
                16.497687235000114
              ],
              [
                96.38234845700015,
                16.49754111200002
              ],
              [
                96.38268984200005,
                16.497064842000043
              ],
              [
                96.38390967200007,
                16.496189278000088
              ],
              [
                96.38392690699999,
                16.496176907000063
              ],
              [
                96.38479806600003,
                16.495117556000025
              ],
              [
                96.38584475500005,
                16.49384475500017
              ],
              [
                96.3878998130001,
                16.491149813000106
              ],
              [
                96.38890955100015,
                16.489159536000045
              ],
              [
                96.39100657500012,
                16.487504573000137
              ],
              [
                96.39179382500004,
                16.485789126000043
              ],
              [
                96.39223670900009,
                16.48540128400009
              ],
              [
                96.3934976450002,
                16.48517417400012
              ],
              [
                96.39406650100017,
                16.48396249100017
              ],
              [
                96.39422482400005,
                16.483625255000163
              ],
              [
                96.39439640200004,
                16.483259788
              ],
              [
                96.39444896000009,
                16.483229051000023
              ],
              [
                96.39450724700004,
                16.483215769000026
              ],
              [
                96.39456869000009,
                16.48321777100017
              ],
              [
                96.39463521700014,
                16.483229065000046
              ],
              [
                96.39482012700017,
                16.4832695180001
              ],
              [
                96.39491731900006,
                16.483296049000103
              ],
              [
                96.39501092000006,
                16.483327732000134
              ],
              [
                96.39506332000013,
                16.483351141000014
              ],
              [
                96.39544983600013,
                16.483404086000064
              ],
              [
                96.39559008800018,
                16.48301374099998
              ],
              [
                96.3956073020002,
                16.482965830000012
              ],
              [
                96.39581367400007,
                16.482391463
              ],
              [
                96.39522626200011,
                16.481623399000057
              ],
              [
                96.3952691560001,
                16.481191670000158
              ],
              [
                96.39529046100017,
                16.480977227999972
              ],
              [
                96.39516641400013,
                16.480805512000188
              ],
              [
                96.39496522500008,
                16.48052701000006
              ],
              [
                96.39559435300009,
                16.47910964800019
              ],
              [
                96.39673664100013,
                16.478494066000053
              ],
              [
                96.3982185380001,
                16.47769546900014
              ],
              [
                96.39895084400007,
                16.47730082900017
              ],
              [
                96.40158844700011,
                16.476774490000082
              ],
              [
                96.40299610400012,
                16.476493588999972
              ],
              [
                96.40415147600015,
                16.476263033000123
              ],
              [
                96.40509003000017,
                16.47655405600011
              ],
              [
                96.40557468300005,
                16.476704335000022
              ],
              [
                96.40625846200004,
                16.476747517000035
              ],
              [
                96.40893378100014,
                16.47691646800007
              ],
              [
                96.4102322720002,
                16.476998470000126
              ],
              [
                96.41111490800006,
                16.47705421000012
              ],
              [
                96.41148511900008,
                16.477166175000036
              ],
              [
                96.41259374300012,
                16.47750146400017
              ],
              [
                96.4126742110002,
                16.47769047600019
              ],
              [
                96.41287210200016,
                16.478155304999973
              ],
              [
                96.41444882000002,
                16.477983629
              ],
              [
                96.41474991700017,
                16.477950845000123
              ],
              [
                96.41503553400008,
                16.478104237000025
              ],
              [
                96.41536163900014,
                16.478279373000134
              ],
              [
                96.41543028600006,
                16.47826551800017
              ],
              [
                96.41812937600008,
                16.47772075200004
              ],
              [
                96.418423593,
                16.477661368999975
              ],
              [
                96.41853116400011,
                16.47760350200008
              ],
              [
                96.41937186700017,
                16.477151256000127
              ],
              [
                96.42068820499998,
                16.476443147999987
              ],
              [
                96.42147528000004,
                16.476019750000148
              ],
              [
                96.42169938100017,
                16.476003256000183
              ],
              [
                96.43081402500007,
                16.475332426000136
              ],
              [
                96.43129688500005,
                16.475379663000012
              ],
              [
                96.43164082100009,
                16.475413309000146
              ],
              [
                96.43408392999999,
                16.475652312000136
              ],
              [
                96.43508051700013,
                16.47574980600018
              ],
              [
                96.43806052700012,
                16.47535862800015
              ],
              [
                96.43867227100014,
                16.475278324999977
              ],
              [
                96.43916052000009,
                16.47529824200012
              ],
              [
                96.44431572000013,
                16.47550852800009
              ],
              [
                96.44453934400019,
                16.475517649999972
              ],
              [
                96.44475737300019,
                16.475534426000138
              ],
              [
                96.45099914100007,
                16.47601470400008
              ],
              [
                96.4513755210001,
                16.476043665000077
              ],
              [
                96.45286705600017,
                16.476397789999965
              ],
              [
                96.45328041900018,
                16.47649593200009
              ],
              [
                96.45362787900012,
                16.476578427000106
              ],
              [
                96.45370992099998,
                16.47659790500012
              ],
              [
                96.4538986880001,
                16.476567508000187
              ],
              [
                96.45424774100007,
                16.47651130000014
              ],
              [
                96.45487004200015,
                16.476411092000035
              ],
              [
                96.4554320200001,
                16.476320597999973
              ],
              [
                96.45603798100007,
                16.47668119400015
              ],
              [
                96.45615803600015,
                16.476752636000015
              ],
              [
                96.45615927400007,
                16.476775827000097
              ],
              [
                96.45617567800019,
                16.476784175000034
              ],
              [
                96.45618655100009,
                16.476769605000072
              ],
              [
                96.45623930700003,
                16.476800999000034
              ],
              [
                96.4563128370001,
                16.476806702000033
              ],
              [
                96.45682957300005,
                16.4768467830001
              ],
              [
                96.45899735300014,
                16.477014930000053
              ],
              [
                96.45943147800011,
                16.47704860300007
              ],
              [
                96.45999789300015,
                16.477241988
              ],
              [
                96.46034018400013,
                16.477358852000066
              ],
              [
                96.4605609080001,
                16.477327633000073
              ],
              [
                96.46250199700006,
                16.477053087000115
              ],
              [
                96.46414856800016,
                16.47750736600011
              ],
              [
                96.46457105500019,
                16.477623928000185
              ],
              [
                96.46471035500014,
                16.477605700000083
              ],
              [
                96.46733878000015,
                16.47726175200006
              ],
              [
                96.46795107700007,
                16.477281522999988
              ],
              [
                96.47009226000006,
                16.477350662000106
              ],
              [
                96.47264828300007,
                16.477433195000117
              ],
              [
                96.47457975100019,
                16.47749556200006
              ],
              [
                96.4747003920001,
                16.47749945700008
              ],
              [
                96.47585462000006,
                16.477536727000142
              ],
              [
                96.47752600700005,
                16.478091296000116
              ],
              [
                96.47863526800006,
                16.478459350000037
              ],
              [
                96.47917349500011,
                16.47849710700001
              ],
              [
                96.48575085800013,
                16.478958521000038
              ],
              [
                96.48603100800005,
                16.478978174000133
              ],
              [
                96.48710064500017,
                16.479053211000064
              ],
              [
                96.48762588000005,
                16.479245641000148
              ],
              [
                96.48833394800016,
                16.47950505600005
              ],
              [
                96.48982132600014,
                16.480049987000086
              ],
              [
                96.49031049000013,
                16.48022920200009
              ],
              [
                96.49146999900006,
                16.480400272000054
              ],
              [
                96.4925440990001,
                16.480558741000095
              ],
              [
                96.49483108000004,
                16.480896153000117
              ],
              [
                96.49559705799999,
                16.481009162000134
              ],
              [
                96.49612127300014,
                16.48108650300003
              ],
              [
                96.49729966900009,
                16.481260359000032
              ],
              [
                96.49775680000016,
                16.481327803000113
              ],
              [
                96.49805700400015,
                16.481442655000023
              ],
              [
                96.49917493499998,
                16.481870356000172
              ],
              [
                96.49944143800013,
                16.481972316000054
              ],
              [
                96.49965075000006,
                16.482416844000056
              ],
              [
                96.49982330500018,
                16.482783309000126
              ],
              [
                96.49995531000019,
                16.48276846900012
              ],
              [
                96.50112200600006,
                16.482637314000044
              ],
              [
                96.50133466699998,
                16.482668684000146
              ],
              [
                96.5015376770001,
                16.48269863200011
              ],
              [
                96.5034945390002,
                16.482987296000033
              ],
              [
                96.50458453300013,
                16.483148085000096
              ],
              [
                96.50478127100007,
                16.483177107000188
              ],
              [
                96.50601680100016,
                16.483866093000188
              ],
              [
                96.50628300500017,
                16.48401454000009
              ],
              [
                96.5065686710002,
                16.484173841000086
              ],
              [
                96.50657465200004,
                16.484177175000184
              ],
              [
                96.50703643100013,
                16.484434685000167
              ],
              [
                96.50737697600016,
                16.48462458700004
              ],
              [
                96.50755761300013,
                16.484684793000042
              ],
              [
                96.50915898600016,
                16.48521853200009
              ],
              [
                96.50958008200018,
                16.48535888300006
              ],
              [
                96.5151395970002,
                16.486610349000046
              ],
              [
                96.51561592700017,
                16.486866270000178
              ],
              [
                96.51660830600014,
                16.487399453000137
              ],
              [
                96.51848971200019,
                16.488410291000093
              ],
              [
                96.51942726000016,
                16.488742574000185
              ],
              [
                96.52070480100008,
                16.48919535700003
              ],
              [
                96.52084333400006,
                16.48923704400005
              ],
              [
                96.52124293000008,
                16.48935728600003
              ],
              [
                96.52145609200016,
                16.489421428000185
              ],
              [
                96.52212039800003,
                16.489621325000144
              ],
              [
                96.5250678210001,
                16.49050823400006
              ],
              [
                96.52526146900016,
                16.490476748000106
              ],
              [
                96.52577425700014,
                16.490393375000053
              ],
              [
                96.52589239700012,
                16.49044079300006
              ],
              [
                96.52680469300009,
                16.490806966000093
              ],
              [
                96.52939185700012,
                16.49184539100014
              ],
              [
                96.52951998700007,
                16.491896818000043
              ],
              [
                96.5302856630002,
                16.491880931000026
              ],
              [
                96.53073650200008,
                16.491871577000154
              ],
              [
                96.53125032100007,
                16.491860916000064
              ],
              [
                96.53179493200008,
                16.491849616000025
              ],
              [
                96.53273596100007,
                16.49241459800004
              ],
              [
                96.53309956400005,
                16.49263290000016
              ],
              [
                96.53329830300004,
                16.49264762100006
              ],
              [
                96.535526489,
                16.49281266700001
              ],
              [
                96.53604607200009,
                16.493152287000044
              ],
              [
                96.536076137,
                16.493283849000136
              ],
              [
                96.53715334600008,
                16.493745562000015
              ],
              [
                96.53906776400004,
                16.494482301000176
              ],
              [
                96.54145712500008,
                16.49540181600014
              ],
              [
                96.5444770590002,
                16.496563999000102
              ],
              [
                96.544747379,
                16.496586540000067
              ],
              [
                96.54710476200012,
                16.49678310799999
              ],
              [
                96.54765361500012,
                16.496997086000135
              ],
              [
                96.54777345400004,
                16.497043807000182
              ],
              [
                96.54776774500016,
                16.497056094000015
              ],
              [
                96.54777282900005,
                16.49705872300018
              ],
              [
                96.54778081500018,
                16.49704667600014
              ],
              [
                96.54964399800008,
                16.49777306200002
              ],
              [
                96.55109895900011,
                16.498340298000073
              ],
              [
                96.5514522430002,
                16.498370843000032
              ],
              [
                96.55375652400016,
                16.498570078000057
              ],
              [
                96.55391506700005,
                16.498613703000046
              ],
              [
                96.556150806,
                16.499228881000136
              ],
              [
                96.55730047100019,
                16.49954522000013
              ],
              [
                96.55825251300013,
                16.49994431700003
              ],
              [
                96.56328134000006,
                16.502052409000157
              ],
              [
                96.56354848800015,
                16.502164398000104
              ],
              [
                96.56370348900009,
                16.502229373999967
              ],
              [
                96.56396610700017,
                16.502339464000045
              ],
              [
                96.56423908200009,
                16.502453896000077
              ],
              [
                96.56530334000007,
                16.50290003400005
              ],
              [
                96.56613421700013,
                16.50324833899998
              ],
              [
                96.56680766900007,
                16.503530652000165
              ],
              [
                96.56781630500006,
                16.504339530000152
              ],
              [
                96.56808330900014,
                16.504553655000166
              ],
              [
                96.56828420200014,
                16.50458339800008
              ],
              [
                96.57013596900015,
                16.504857566
              ],
              [
                96.57075465500014,
                16.505123437000066
              ],
              [
                96.57165181500017,
                16.505508976999977
              ],
              [
                96.57244545400016,
                16.50585003200007
              ],
              [
                96.57311303300008,
                16.506136913999967
              ],
              [
                96.57325117300013,
                16.5061758
              ],
              [
                96.5752483980001,
                16.506738027999972
              ],
              [
                96.57544717400003,
                16.506793985000115
              ],
              [
                96.57543547100005,
                16.50681454800008
              ],
              [
                96.57554635600007,
                16.50686288100013
              ],
              [
                96.57560958600016,
                16.506890441000053
              ],
              [
                96.57564518100014,
                16.506849724000176
              ],
              [
                96.57717250400015,
                16.50727967200004
              ],
              [
                96.57740537000006,
                16.50734522500005
              ],
              [
                96.5783397400001,
                16.50801385700015
              ],
              [
                96.57986486800013,
                16.509105235
              ],
              [
                96.58045020300017,
                16.509087794000095
              ],
              [
                96.58154517000008,
                16.509055167000156
              ],
              [
                96.58171202200003,
                16.509119942000098
              ],
              [
                96.58395160500015,
                16.509989376000078
              ],
              [
                96.58722972400005,
                16.511261984000043
              ],
              [
                96.59054215700013,
                16.512547913000105
              ],
              [
                96.59065749700005,
                16.512592689000087
              ],
              [
                96.593630351,
                16.514503679000086
              ],
              [
                96.5937877830001,
                16.514604879000103
              ],
              [
                96.59444454500004,
                16.51455196300003
              ],
              [
                96.60147399800019,
                16.517644797000116
              ],
              [
                96.61492942500018,
                16.52533556800006
              ],
              [
                96.62160351000006,
                16.52915030100013
              ],
              [
                96.6280722510001,
                16.533148508000124
              ],
              [
                96.63362294100006,
                16.535882693000133
              ],
              [
                96.63893858400013,
                16.539197763000118
              ],
              [
                96.6436187000001,
                16.54183321100004
              ],
              [
                96.64825984000004,
                16.544446712000024
              ],
              [
                96.6482605920001,
                16.544447135000155
              ],
              [
                96.64825542600005,
                16.544460522000122
              ],
              [
                96.64827286200006,
                16.54445404500018
              ],
              [
                96.64988653800003,
                16.54536273200017
              ],
              [
                96.657602768,
                16.551040090000072
              ],
              [
                96.66701430300009,
                16.556565510000155
              ],
              [
                96.67508111300015,
                16.563667113000065
              ],
              [
                96.67624420200019,
                16.56593613400014
              ],
              [
                96.68068459800008,
                16.570315497000024
              ],
              [
                96.68730126700012,
                16.579331902000035
              ],
              [
                96.68960322800012,
                16.58113368300019
              ],
              [
                96.69697818800012,
                16.588981240000123
              ],
              [
                96.69916915700014,
                16.592336193000165
              ],
              [
                96.70143402200006,
                16.59442050300015
              ],
              [
                96.70266019300016,
                16.59670833399997
              ],
              [
                96.70436743500017,
                16.598250025000084
              ],
              [
                96.70591804600014,
                16.59873849500019
              ],
              [
                96.70803886200014,
                16.602788265000072
              ],
              [
                96.711082046,
                16.60731242300011
              ],
              [
                96.71335286900006,
                16.61047641000016
              ],
              [
                96.71615639600014,
                16.61359323200014
              ],
              [
                96.71729564800006,
                16.616812129000095
              ],
              [
                96.7189205890001,
                16.619318857
              ],
              [
                96.72222197500008,
                16.622283748000086
              ],
              [
                96.73064755600006,
                16.63335482300016
              ],
              [
                96.7319852190002,
                16.63597961700009
              ],
              [
                96.73274940300018,
                16.63671434100013
              ],
              [
                96.73300221100016,
                16.637556517000178
              ],
              [
                96.73408542000016,
                16.639011059000097
              ],
              [
                96.73721274400009,
                16.641913885000122
              ],
              [
                96.73842597700019,
                16.643840720000128
              ],
              [
                96.74036108400014,
                16.64587625100006
              ],
              [
                96.74092435600005,
                16.64744930800009
              ],
              [
                96.74265578300003,
                16.64999421300007
              ],
              [
                96.74335717500014,
                16.651276856000038
              ],
              [
                96.74334095300009,
                16.651284048000093
              ],
              [
                96.74337188200008,
                16.651337100000035
              ],
              [
                96.74338698700012,
                16.65136301300015
              ],
              [
                96.74339915900009,
                16.6513536330001
              ],
              [
                96.74554987600015,
                16.655286673999967
              ],
              [
                96.74631763800005,
                16.65593890800011
              ],
              [
                96.74790231900016,
                16.65834210400004
              ],
              [
                96.74879015400018,
                16.660545630000115
              ],
              [
                96.75158538400018,
                16.665168014000074
              ],
              [
                96.75202268700002,
                16.66604581500019
              ],
              [
                96.75200354800012,
                16.666062633000138
              ],
              [
                96.75203327600013,
                16.666067071000157
              ],
              [
                96.75407761800017,
                16.670170696000127
              ],
              [
                96.75645970800008,
                16.676704046000168
              ],
              [
                96.758140987,
                16.68309759100009
              ],
              [
                96.7583621190002,
                16.684696051000174
              ],
              [
                96.75836313500008,
                16.684703397000078
              ],
              [
                96.76022301600005,
                16.698147682000183
              ],
              [
                96.76052656400014,
                16.704441223000174
              ],
              [
                96.76124312600007,
                16.709411927000076
              ],
              [
                96.76108235200013,
                16.710459355000012
              ],
              [
                96.7610615590001,
                16.710594823000065
              ],
              [
                96.76105945600017,
                16.71059491800014
              ],
              [
                96.76105257800015,
                16.710635179000178
              ],
              [
                96.76103229000006,
                16.71078290700018
              ],
              [
                96.76097621500014,
                16.71123002300004
              ],
              [
                96.76095211000018,
                16.71137296200004
              ],
              [
                96.76092130800009,
                16.71150854500013
              ],
              [
                96.76088085900005,
                16.71163352299999
              ],
              [
                96.76084320200005,
                16.711719061000167
              ],
              [
                96.76069889200016,
                16.712015518999976
              ],
              [
                96.76064209200007,
                16.712112092999973
              ],
              [
                96.76051734700019,
                16.712274599000125
              ],
              [
                96.76046875800012,
                16.712355436000166
              ],
              [
                96.76044676700019,
                16.71242189700007
              ],
              [
                96.76043755800004,
                16.71249200200009
              ],
              [
                96.76043932700009,
                16.71256427500009
              ],
              [
                96.76045494800007,
                16.71276659600005
              ],
              [
                96.76046000000014,
                16.712905075000037
              ],
              [
                96.76046088100009,
                16.71305240400011
              ],
              [
                96.76045686000003,
                16.713204542000085
              ],
              [
                96.760446903,
                16.713357893000023
              ],
              [
                96.76042958300019,
                16.713509071000146
              ],
              [
                96.76040298400005,
                16.713654694000184
              ],
              [
                96.76035405900018,
                16.713851110000064
              ],
              [
                96.76032706100005,
                16.71399588600019
              ],
              [
                96.76030781300005,
                16.714149438000106
              ],
              [
                96.76029427800012,
                16.714309401000094
              ],
              [
                96.76028471000018,
                16.714473801
              ],
              [
                96.76025555700016,
                16.715142719000085
              ],
              [
                96.76024237700017,
                16.715304252000067
              ],
              [
                96.760222596,
                16.715459149000026
              ],
              [
                96.76019314200005,
                16.71560425800004
              ],
              [
                96.76015008200005,
                16.715735529000142
              ],
              [
                96.75962630300018,
                16.71725645200013
              ],
              [
                96.75924852800006,
                16.722380180000016
              ],
              [
                96.7590007460002,
                16.725988335000068
              ],
              [
                96.75901082600012,
                16.72740245900019
              ],
              [
                96.75902708000007,
                16.72740619500013
              ],
              [
                96.75920860000014,
                16.737179660000095
              ],
              [
                96.75987799400014,
                16.74245204400006
              ],
              [
                96.75951927400007,
                16.74861897400018
              ],
              [
                96.75950095700011,
                16.748622507
              ],
              [
                96.75951747700003,
                16.748649880000073
              ],
              [
                96.75925923500017,
                16.753089445000114
              ],
              [
                96.75941701300007,
                16.75422402200013
              ],
              [
                96.7603973040001,
                16.75610359300009
              ],
              [
                96.76090456900005,
                16.75894907200012
              ],
              [
                96.76084395800012,
                16.76005239699998
              ],
              [
                96.76117636400005,
                16.761719825000114
              ],
              [
                96.76170770500005,
                16.764385145
              ],
              [
                96.76191687900013,
                16.768394655000122
              ],
              [
                96.76590442100019,
                16.771387096000183
              ],
              [
                96.76818870300019,
                16.773528611000188
              ],
              [
                96.77132959200009,
                16.773956914000166
              ],
              [
                96.77533589500001,
                16.77231991100018
              ],
              [
                96.7790797090002,
                16.773369721000165
              ],
              [
                96.78514963400016,
                16.77744427100015
              ],
              [
                96.78745152599998,
                16.778989459000115
              ],
              [
                96.79574286200017,
                16.788376448000065
              ],
              [
                96.79695696300018,
                16.797402882000142
              ],
              [
                96.79972739400017,
                16.804929173000176
              ],
              [
                96.79938387100009,
                16.810335225000188
              ],
              [
                96.79974328500015,
                16.814205693000133
              ],
              [
                96.80073973000009,
                16.815930606000165
              ],
              [
                96.80667179900018,
                16.816713247000166
              ],
              [
                96.80841045500017,
                16.814911740000014
              ],
              [
                96.81410914000014,
                16.81339965500007
              ],
              [
                96.81901363800006,
                16.815447537000068
              ],
              [
                96.82294297500016,
                16.820209897000097
              ],
              [
                96.82517992200007,
                16.824500618000116
              ],
              [
                96.82662590900009,
                16.829241286000126
              ],
              [
                96.81798729200005,
                16.83552366900011
              ],
              [
                96.80597109200005,
                16.839128528
              ],
              [
                96.80690935300015,
                16.842714408000063
              ],
              [
                96.80776761700008,
                16.844087553000065
              ],
              [
                96.80653165700016,
                16.844789345000038
              ],
              [
                96.80562779500013,
                16.845396044000097
              ],
              [
                96.80304113900019,
                16.848924596000188
              ],
              [
                96.80334277400016,
                16.849705229
              ],
              [
                96.80344205900013,
                16.84996218200007
              ],
              [
                96.80344554400017,
                16.849970237000093
              ],
              [
                96.80392230700005,
                16.851072261000127
              ],
              [
                96.80395178000009,
                16.851275646000033
              ],
              [
                96.8040406070001,
                16.85188860800008
              ],
              [
                96.8031100660001,
                16.85427293900011
              ],
              [
                96.80237388000012,
                16.854402429000174
              ],
              [
                96.80156132000019,
                16.85387232300019
              ],
              [
                96.80090144800016,
                16.850198519000173
              ],
              [
                96.79996282000013,
                16.847947939000107
              ],
              [
                96.79984297900006,
                16.84771489299999
              ],
              [
                96.79948216600013,
                16.847013250000145
              ],
              [
                96.79824609800016,
                16.844541616000072
              ],
              [
                96.79690633800016,
                16.843640300000118
              ],
              [
                96.79586981200003,
                16.842942983000057
              ],
              [
                96.79522109100009,
                16.84401878500006
              ],
              [
                96.79515650800016,
                16.844602267000027
              ],
              [
                96.79555699500014,
                16.84619301500004
              ],
              [
                96.79578566700008,
                16.84673120800005
              ],
              [
                96.79648839200007,
                16.84767638300019
              ],
              [
                96.79794091700006,
                16.849630045000026
              ],
              [
                96.79795441700008,
                16.849855235000177
              ],
              [
                96.79796791700016,
                16.850080424000055
              ],
              [
                96.79715131900008,
                16.851839138000116
              ],
              [
                96.79695120400015,
                16.851907708000056
              ],
              [
                96.79635041000017,
                16.852113574000043
              ],
              [
                96.7947748250001,
                16.851319932000138
              ],
              [
                96.7945911450002,
                16.851213395000116
              ],
              [
                96.79403848100009,
                16.850892840000142
              ],
              [
                96.79221884600008,
                16.850416093000035
              ],
              [
                96.79222646900013,
                16.85250250500019
              ],
              [
                96.79413004100007,
                16.85412786300003
              ],
              [
                96.79448884500005,
                16.85471163699998
              ],
              [
                96.79465289300015,
                16.855356023000013
              ],
              [
                96.79453063800008,
                16.855924251000147
              ],
              [
                96.79446970700008,
                16.856061714000077
              ],
              [
                96.79440877200011,
                16.85619918700013
              ],
              [
                96.79401025800018,
                16.85644780800004
              ],
              [
                96.79366875200014,
                16.85666086500015
              ],
              [
                96.7935045540001,
                16.856704616000115
              ],
              [
                96.79334035400018,
                16.856748368000012
              ],
              [
                96.79443925400017,
                16.859201396000117
              ],
              [
                96.79491983300005,
                16.85942263900006
              ],
              [
                96.79502804300012,
                16.859514826000122
              ],
              [
                96.79564091600008,
                16.860036947000083
              ],
              [
                96.79567912600004,
                16.861104684000054
              ],
              [
                96.79550728500016,
                16.861306994000074
              ],
              [
                96.79533544300011,
                16.86150930400015
              ],
              [
                96.79396224500005,
                16.862115675000098
              ],
              [
                96.79266915900013,
                16.861963059000118
              ],
              [
                96.79245839400005,
                16.86190686599997
              ],
              [
                96.79182594000008,
                16.86173824300016
              ],
              [
                96.79053291900016,
                16.861062842000138
              ],
              [
                96.78886595200015,
                16.861055197000155
              ],
              [
                96.78859132400015,
                16.86176846700016
              ],
              [
                96.78912592900008,
                16.864448221000032
              ],
              [
                96.78917889200011,
                16.864713699000163
              ],
              [
                96.78939713400007,
                16.86509464600016
              ],
              [
                96.78949352300009,
                16.86526289400001
              ],
              [
                96.78959839700008,
                16.865445955000155
              ],
              [
                96.78994181200017,
                16.866147809000154
              ],
              [
                96.7901667480001,
                16.866731496000057
              ],
              [
                96.78904513100014,
                16.868517009000072
              ],
              [
                96.78882010000007,
                16.868408089000127
              ],
              [
                96.7885950700001,
                16.86829916800008
              ],
              [
                96.78828610000011,
                16.870454517000155
              ],
              [
                96.78745085200012,
                16.871789853000166
              ],
              [
                96.78664595200013,
                16.873449149000123
              ],
              [
                96.78733642800006,
                16.873727785000085
              ],
              [
                96.78789730200009,
                16.874119047000136
              ],
              [
                96.78906426900011,
                16.874933115000147
              ],
              [
                96.78914625800007,
                16.875144823000085
              ],
              [
                96.78922824700004,
                16.875356532000126
              ],
              [
                96.7874165250002,
                16.87670306400014
              ],
              [
                96.78641284700012,
                16.876348345
              ],
              [
                96.78568826800011,
                16.876169152000045
              ],
              [
                96.78410899800019,
                16.87563521600009
              ],
              [
                96.78355196000012,
                16.876405712000064
              ],
              [
                96.78467717700005,
                16.878233017000184
              ],
              [
                96.78579273400004,
                16.878975597000135
              ],
              [
                96.78635596000015,
                16.879350513000077
              ],
              [
                96.78558157900011,
                16.880761791000168
              ],
              [
                96.78494438500013,
                16.882303054000033
              ],
              [
                96.78581877500017,
                16.888583944000118
              ],
              [
                96.78358429400015,
                16.892159110000023
              ],
              [
                96.78081311000017,
                16.892587446999983
              ],
              [
                96.78136998200006,
                16.89288126499997
              ],
              [
                96.78008061600013,
                16.895280621999973
              ],
              [
                96.77874973000013,
                16.896417368000073
              ],
              [
                96.77853941700005,
                16.89659700200002
              ],
              [
                96.77846324700016,
                16.896787532000133
              ],
              [
                96.77838707600017,
                16.89697806200013
              ],
              [
                96.77803232300005,
                16.898812966000037
              ],
              [
                96.77807410300011,
                16.89977437600004
              ],
              [
                96.77810095600012,
                16.9005333880001
              ],
              [
                96.7781617940002,
                16.90111699900018
              ],
              [
                96.77834333600009,
                16.901785765000113
              ],
              [
                96.77836786400019,
                16.901876122000033
              ],
              [
                96.77909981700009,
                16.904510633000143
              ],
              [
                96.77913839600018,
                16.904649492000146
              ],
              [
                96.77909603100011,
                16.905275912000093
              ],
              [
                96.77907726100017,
                16.90555346399998
              ],
              [
                96.77903847800007,
                16.906206464000036
              ],
              [
                96.77903847600004,
                16.906206494
              ],
              [
                96.77903847100015,
                16.90620656700014
              ],
              [
                96.77899341900013,
                16.906965132000096
              ],
              [
                96.77893235300007,
                16.907838724000044
              ],
              [
                96.77909261200011,
                16.908918304000053
              ],
              [
                96.77937110400006,
                16.908920126
              ],
              [
                96.7796495930001,
                16.908921949000103
              ],
              [
                96.78089623900019,
                16.911960147000116
              ],
              [
                96.78157326100006,
                16.913610118000122
              ],
              [
                96.78203665700005,
                16.915741728000114
              ],
              [
                96.78037568700012,
                16.917935662000048
              ],
              [
                96.78029373599998,
                16.917993027000136
              ],
              [
                96.77694501200006,
                16.920337137000104
              ],
              [
                96.77523589300012,
                16.914891943000043
              ],
              [
                96.77512892900012,
                16.91478458900002
              ],
              [
                96.77421356800016,
                16.91386589500007
              ],
              [
                96.7737332530001,
                16.91303071600015
              ],
              [
                96.77042672600004,
                16.917935662000048
              ],
              [
                96.76600460600008,
                16.921766370000114
              ],
              [
                96.76768218500001,
                16.92411088200015
              ],
              [
                96.76802525099998,
                16.926169288000096
              ],
              [
                96.764594575,
                16.92685542300012
              ],
              [
                96.76356537200019,
                16.928913829000066
              ],
              [
                96.76322230400007,
                16.931658370000036
              ],
              [
                96.75910549300005,
                16.931315302000087
              ],
              [
                96.75715079100013,
                16.93620205900004
              ],
              [
                96.7570470870001,
                16.936461318000056
              ],
              [
                96.75636094900017,
                16.939891996000085
              ],
              [
                96.7546456120001,
                16.93954892800008
              ],
              [
                96.75293027400011,
                16.93714745300008
              ],
              [
                96.74778425699998,
                16.933373708000033
              ],
              [
                96.74263824400009,
                16.931658370000036
              ],
              [
                96.73783529600007,
                16.928570761000117
              ],
              [
                96.73489929500005,
                16.929331947000037
              ],
              [
                96.72857246700005,
                16.930972236000116
              ],
              [
                96.72430751700017,
                16.93613507000009
              ],
              [
                96.72205418100003,
                16.938862793000112
              ],
              [
                96.72205418100003,
                16.944351875000052
              ],
              [
                96.72050419300007,
                16.945878620000144
              ],
              [
                96.71646169300004,
                16.94986050099999
              ],
              [
                96.71633690000016,
                16.949983422000173
              ],
              [
                96.71896657200011,
                16.952585499000065
              ],
              [
                96.71759430300017,
                16.95670231200006
              ],
              [
                96.71759430300017,
                16.959789922000084
              ],
              [
                96.71759430300017,
                16.964592869000057
              ],
              [
                96.71210522000013,
                16.96768047600017
              ],
              [
                96.70942774800011,
                16.971617935999973
              ],
              [
                96.70627306900013,
                16.976257171000043
              ],
              [
                96.7014179270002,
                16.972589456000094
              ],
              [
                96.69563797100017,
                16.971111155000074
              ],
              [
                96.69083502300015,
                16.971111155000074
              ],
              [
                96.69083502300015,
                16.97522796800007
              ],
              [
                96.6898351230002,
                16.975500668000052
              ],
              [
                96.68706127900003,
                16.976257171000043
              ],
              [
                96.68294446599998,
                16.981403184000158
              ],
              [
                96.6801721060001,
                16.982837164000102
              ],
              [
                96.67299550500007,
                16.98654920100006
              ],
              [
                96.67150001600004,
                16.987213862000033
              ],
              [
                96.66373267500018,
                16.990666011000144
              ],
              [
                96.65892972800003,
                16.996498162000137
              ],
              [
                96.656749311,
                16.996407312000088
              ],
              [
                96.65069610500012,
                16.996155096000166
              ],
              [
                96.6458931570001,
                16.995468959000164
              ],
              [
                96.63834566800006,
                16.995125893000022
              ],
              [
                96.63770964800005,
                16.994930195000165
              ],
              [
                96.62942590800014,
                16.992381352000052
              ],
              [
                96.6256906810001,
                16.991783715000054
              ],
              [
                96.62084921600012,
                16.991009080000026
              ],
              [
                96.61295865800008,
                16.985863063000124
              ],
              [
                96.60746957600014,
                16.98654920100006
              ],
              [
                96.60163742500015,
                16.98346159099998
              ],
              [
                96.59683447700013,
                16.98071705000001
              ],
              [
                96.59317904300019,
                16.982849384000076
              ],
              [
                96.59271766400008,
                16.983118522000154
              ],
              [
                96.58585631300019,
                16.984833863000063
              ],
              [
                96.58105336500017,
                16.983804660000033
              ],
              [
                96.57693655200018,
                16.98654920100006
              ],
              [
                96.57213360500003,
                16.987578404000033
              ],
              [
                96.56561531900019,
                16.986206132000177
              ],
              [
                96.56325710400006,
                16.982293474000073
              ],
              [
                96.552358191,
                16.98415925800009
              ],
              [
                96.54834528200007,
                16.984846228000094
              ],
              [
                96.54758247100011,
                16.98529254600004
              ],
              [
                96.5463810510002,
                16.985647110000116
              ],
              [
                96.5449235100001,
                16.985822603000145
              ],
              [
                96.54296659500011,
                16.986139168000136
              ],
              [
                96.54147525300016,
                16.98652051100015
              ],
              [
                96.53884324500018,
                16.98725306900019
              ],
              [
                96.53820602600013,
                16.98740928100017
              ],
              [
                96.53608514000013,
                16.986055278000094
              ],
              [
                96.53243815100012,
                16.98772924300016
              ],
              [
                96.5275348040002,
                16.98997987600012
              ],
              [
                96.5168997090002,
                16.994096689000116
              ],
              [
                96.50934771600015,
                16.990361876000122
              ],
              [
                96.50931824400004,
                16.99021834400014
              ],
              [
                96.509020707,
                16.988769313000034
              ],
              [
                96.50898904300004,
                16.988615105000065
              ],
              [
                96.50989325799998,
                16.98647498600019
              ],
              [
                96.51151458700014,
                16.98505947700005
              ],
              [
                96.51151620800016,
                16.984922214000164
              ],
              [
                96.51153755900009,
                16.983114088000093
              ],
              [
                96.51011474600006,
                16.982953741000074
              ],
              [
                96.5093630520002,
                16.983762855000066
              ],
              [
                96.50879474500016,
                16.984372950000022
              ],
              [
                96.50755508000015,
                16.985353534000126
              ],
              [
                96.50666207200015,
                16.985433446000172
              ],
              [
                96.5058229400002,
                16.98581879699998
              ],
              [
                96.50455278300018,
                16.986787523000032
              ],
              [
                96.50434826300011,
                16.98683608900012
              ],
              [
                96.50320243200008,
                16.987108186
              ],
              [
                96.50232074100006,
                16.986839937000127
              ],
              [
                96.501359664,
                16.98654753600016
              ],
              [
                96.50105483300013,
                16.98524284300015
              ],
              [
                96.50191687600011,
                16.984082979999982
              ],
              [
                96.49768791800017,
                16.98346159099998
              ],
              [
                96.49314299600019,
                16.980409671000075
              ],
              [
                96.49212806500014,
                16.98235132600007
              ],
              [
                96.49161350100019,
                16.983655841000086
              ],
              [
                96.49146093100018,
                16.983825490000186
              ],
              [
                96.4910026940002,
                16.984335025000178
              ],
              [
                96.4908955190001,
                16.98436162500002
              ],
              [
                96.48943515200017,
                16.984724082000128
              ],
              [
                96.48916623300005,
                16.98464200400008
              ],
              [
                96.48835916400014,
                16.98439567500003
              ],
              [
                96.4887524670001,
                16.983106502
              ],
              [
                96.48879204900015,
                16.9828743490001
              ],
              [
                96.48903578400018,
                16.981444793000094
              ],
              [
                96.48904968100015,
                16.981363286000033
              ],
              [
                96.48909917300017,
                16.979463387000123
              ],
              [
                96.48847361399999,
                16.978071314000147
              ],
              [
                96.48799710200018,
                16.977117572999987
              ],
              [
                96.48795092600011,
                16.97619034000013
              ],
              [
                96.48792486600007,
                16.976025718000187
              ],
              [
                96.48779457200015,
                16.9752026540001
              ],
              [
                96.48645208100015,
                16.97461878300004
              ],
              [
                96.48535763300004,
                16.974074977000157
              ],
              [
                96.48518898700013,
                16.973991181000144
              ],
              [
                96.48517773200012,
                16.97398558800012
              ],
              [
                96.48422024800016,
                16.972738230000118
              ],
              [
                96.48377786400016,
                16.97134219800006
              ],
              [
                96.48370184400005,
                16.97025327100016
              ],
              [
                96.48363696200005,
                16.969323873000178
              ],
              [
                96.48365234600004,
                16.968665177
              ],
              [
                96.48102509900019,
                16.968001238000056
              ],
              [
                96.47757488100018,
                16.965681264000125
              ],
              [
                96.47599316200012,
                16.964956309000115
              ],
              [
                96.4747195280001,
                16.964372560000186
              ],
              [
                96.468889848,
                16.966216642000177
              ],
              [
                96.4630006820002,
                16.968179698000085
              ],
              [
                96.45693305700007,
                16.969547888000136
              ],
              [
                96.4513147830001,
                16.970903123000085
              ],
              [
                96.44946254100012,
                16.971256142000072
              ],
              [
                96.44632165200005,
                16.97168444500005
              ],
              [
                96.4431331740002,
                16.971969981000086
              ],
              [
                96.43958777700004,
                16.972065159000124
              ],
              [
                96.43865978800005,
                16.97299314900016
              ],
              [
                96.43763100900014,
                16.97524802700002
              ],
              [
                96.43613194900007,
                16.976747087000092
              ],
              [
                96.43152140500018,
                16.976776492000113
              ],
              [
                96.42909435400014,
                16.97649095700001
              ],
              [
                96.42716699100015,
                16.977062027000045
              ],
              [
                96.4258820820001,
                16.978275552000184
              ],
              [
                96.42552516299997,
                16.980060148
              ],
              [
                96.42457489300006,
                16.98253601900018
              ],
              [
                96.4231854840001,
                16.98335218000011
              ],
              [
                96.42217639700004,
                16.98347828500016
              ],
              [
                96.42060595300012,
                16.982878661000086
              ],
              [
                96.41646569000011,
                16.982393251000076
              ],
              [
                96.41278228400017,
                16.981308217
              ],
              [
                96.40955573600019,
                16.98068003900005
              ],
              [
                96.40655761400012,
                16.980308843000103
              ],
              [
                96.4041622530001,
                16.980518493000034
              ],
              [
                96.40467311700007,
                16.98176268500015
              ],
              [
                96.40483748300016,
                16.982883357000105
              ],
              [
                96.40528793400006,
                16.984108366000157
              ],
              [
                96.40595037600013,
                16.986506863000102
              ],
              [
                96.40627017600013,
                16.988265760000047
              ],
              [
                96.40658997600013,
                16.98995613000011
              ],
              [
                96.40661281800004,
                16.991463756000144
              ],
              [
                96.40661281800004,
                16.99265158300011
              ],
              [
                96.40581331900006,
                16.993953624000085
              ],
              [
                96.40487676300006,
                16.99489018000014
              ],
              [
                96.40394723900005,
                16.995099704999973
              ],
              [
                96.40003694000006,
                16.995386774
              ],
              [
                96.39703881900004,
                16.995386774
              ],
              [
                96.39444044800013,
                16.99535822100006
              ],
              [
                96.38813011700017,
                16.99584363100007
              ],
              [
                96.38393274700013,
                16.99632904100008
              ],
              [
                96.38119160800011,
                16.996843004000084
              ],
              [
                96.37927470200009,
                16.997123506000037
              ],
              [
                96.37753675600004,
                16.997956591000104
              ],
              [
                96.37602341900015,
                16.999298607000128
              ],
              [
                96.37502404600014,
                17.00115458700003
              ],
              [
                96.374824171,
                17.003610191000178
              ],
              [
                96.37535943300009,
                17.005908779000094
              ],
              [
                96.37650882900016,
                17.008664166000074
              ],
              [
                96.37827914800016,
                17.01183360800013
              ],
              [
                96.38099173400008,
                17.015716889000032
              ],
              [
                96.38418972900007,
                17.020228347000113
              ],
              [
                96.38615992300004,
                17.023454896000146
              ],
              [
                96.38767665900014,
                17.028225605999978
              ],
              [
                96.38769073000014,
                17.02825517900004
              ],
              [
                96.38851241700019,
                17.03124842300008
              ],
              [
                96.38915487100019,
                17.0331281980001
              ],
              [
                96.38989250400004,
                17.035602837000113
              ],
              [
                96.39101085100009,
                17.03767296899997
              ],
              [
                96.39217678700015,
                17.039409975000183
              ],
              [
                96.39403276600012,
                17.04136113300018
              ],
              [
                96.3964122270001,
                17.04264604200017
              ],
              [
                96.39795887700018,
                17.043526443000076
              ],
              [
                96.398124,
                17.04363285500017
              ],
              [
                96.40010039200018,
                17.044906530000162
              ],
              [
                96.40114735500003,
                17.046667331000094
              ],
              [
                96.40152806900005,
                17.047976034999976
              ],
              [
                96.40031520700006,
                17.048339546000136
              ],
              [
                96.39725313400015,
                17.05042213300004
              ],
              [
                96.39666565400017,
                17.054338678000022
              ],
              [
                96.39517113700009,
                17.056462465000152
              ],
              [
                96.39517100600017,
                17.056462651000174
              ],
              [
                96.39603981200008,
                17.058629930000166
              ],
              [
                96.39587230600011,
                17.059101496000096
              ],
              [
                96.39587238400009,
                17.059101765000037
              ],
              [
                96.39697059700012,
                17.062894606000043
              ],
              [
                96.39697223800016,
                17.06490949199997
              ],
              [
                96.39465653100012,
                17.066212077000046
              ],
              [
                96.39461146800005,
                17.066319100999976
              ],
              [
                96.39349867800019,
                17.06896197800006
              ],
              [
                96.39595911700007,
                17.071277685000098
              ],
              [
                96.39798536100005,
                17.072290809000094
              ],
              [
                96.39943267700005,
                17.07214607600008
              ],
              [
                96.39972214100004,
                17.070409296000093
              ],
              [
                96.40102472400008,
                17.067369931000087
              ],
              [
                96.40206654000013,
                17.06670432600015
              ],
              [
                96.4020478880002,
                17.067076289000113
              ],
              [
                96.40197543100015,
                17.068521287000124
              ],
              [
                96.40237411599998,
                17.0701235140001
              ],
              [
                96.40254020200007,
                17.070790977000172
              ],
              [
                96.40371543600014,
                17.07294227100016
              ],
              [
                96.40351960800012,
                17.076271335000115
              ],
              [
                96.40019054400017,
                17.08057953400015
              ],
              [
                96.39970269800011,
                17.081568585000184
              ],
              [
                96.39646326100006,
                17.088136167000187
              ],
              [
                96.39646306700001,
                17.088136561000056
              ],
              [
                96.39660062400014,
                17.090337553999973
              ],
              [
                96.3959558360001,
                17.092573097000127
              ],
              [
                96.39506328100003,
                17.094331655000133
              ],
              [
                96.39489212900008,
                17.097475521000035
              ],
              [
                96.39489174500005,
                17.097482577000108
              ],
              [
                96.39509013600002,
                17.099435558000096
              ],
              [
                96.3950900850001,
                17.099435629000027
              ],
              [
                96.39352202400016,
                17.10163318300016
              ],
              [
                96.39243475800009,
                17.10341042600004
              ],
              [
                96.39243494300018,
                17.103410790000055
              ],
              [
                96.39341905600014,
                17.105352501000027
              ],
              [
                96.39320565300017,
                17.10690106700008
              ],
              [
                96.39151575700015,
                17.10897240000014
              ],
              [
                96.39151573900017,
                17.108972544000153
              ],
              [
                96.39057445700007,
                17.11674110200005
              ],
              [
                96.3844327430001,
                17.12458884700004
              ],
              [
                96.38430798400003,
                17.124748261000093
              ],
              [
                96.3766489620001,
                17.134147971000118
              ],
              [
                96.37038198099998,
                17.14304303900019
              ],
              [
                96.36585670100004,
                17.14946601600002
              ],
              [
                96.36484210100008,
                17.150558662000037
              ],
              [
                96.36133091400012,
                17.154339940000057
              ],
              [
                96.35823239500013,
                17.156709396
              ],
              [
                96.35541257800014,
                17.158865726999977
              ],
              [
                96.34856162000017,
                17.160170671000117
              ],
              [
                96.34810169200011,
                17.160258276000036
              ],
              [
                96.34472093000016,
                17.163317061000043
              ],
              [
                96.34438582600012,
                17.16362025100011
              ],
              [
                96.34079080600003,
                17.166872889000103
              ],
              [
                96.3334799210001,
                17.16861357500005
              ],
              [
                96.32860599700007,
                17.17383563500016
              ],
              [
                96.32477648600019,
                17.178013286
              ],
              [
                96.31885814900016,
                17.184279759000106
              ],
              [
                96.31276667399999,
                17.191249377000133
              ],
              [
                96.31276665200016,
                17.19124940200004
              ],
              [
                96.3127733140002,
                17.19129507600013
              ],
              [
                96.31278032400007,
                17.191343135000068
              ],
              [
                96.3116586910001,
                17.192693623000082
              ],
              [
                96.31118053500012,
                17.193168623000133
              ],
              [
                96.31048770500018,
                17.193856878000133
              ],
              [
                96.31005207300018,
                17.19410834700011
              ],
              [
                96.3097924760001,
                17.19425820000015
              ],
              [
                96.30976082800015,
                17.194276469000158
              ],
              [
                96.30956846800007,
                17.194387508000034
              ],
              [
                96.30950634700014,
                17.195395957000073
              ],
              [
                96.30948835900011,
                17.195687961000033
              ],
              [
                96.30948830900007,
                17.19568806500007
              ],
              [
                96.30926067600018,
                17.196157226000082
              ],
              [
                96.30913057800007,
                17.19642536400005
              ],
              [
                96.30902287400005,
                17.196647348000113
              ],
              [
                96.3089848620001,
                17.196725691000097
              ],
              [
                96.30921403600007,
                17.196981027000106
              ],
              [
                96.30968670400006,
                17.19750765500015
              ],
              [
                96.30968661500015,
                17.197507806999965
              ],
              [
                96.308999955,
                17.198678869000048
              ],
              [
                96.3090879470002,
                17.19930824
              ],
              [
                96.30938878000012,
                17.20145996300016
              ],
              [
                96.30854408300013,
                17.20166660900003
              ],
              [
                96.30828244300017,
                17.20173061700018
              ],
              [
                96.30901272699998,
                17.202935586000137
              ],
              [
                96.31015471400008,
                17.20481986700014
              ],
              [
                96.30876216500008,
                17.20864937800019
              ],
              [
                96.30528079000004,
                17.210390064000137
              ],
              [
                96.30038671100004,
                17.210866983000074
              ],
              [
                96.29694166700006,
                17.211202697000147
              ],
              [
                96.29694158500007,
                17.211202705000176
              ],
              [
                96.29694157800014,
                17.211202772000092
              ],
              [
                96.29626104000016,
                17.217743261000066
              ],
              [
                96.29622921900011,
                17.218049086000065
              ],
              [
                96.29620811800004,
                17.218196795000097
              ],
              [
                96.29579663400011,
                17.221077170000115
              ],
              [
                96.2957965820001,
                17.221077345000083
              ],
              [
                96.29483667000011,
                17.224315562000015
              ],
              [
                96.30179941600011,
                17.225359972000092
              ],
              [
                96.30562893000007,
                17.228145073000064
              ],
              [
                96.31115310400008,
                17.227776792000043
              ],
              [
                96.31147955900019,
                17.22821235900011
              ],
              [
                96.31186534400001,
                17.228661796000097
              ],
              [
                96.31242568300013,
                17.229314588000136
              ],
              [
                96.312598433,
                17.229965094000136
              ],
              [
                96.3125991070001,
                17.229967632000125
              ],
              [
                96.31259947100011,
                17.22996900300018
              ],
              [
                96.31284549100002,
                17.2308954130001
              ],
              [
                96.31302039100012,
                17.231554017000065
              ],
              [
                96.31374214300018,
                17.231937016000188
              ],
              [
                96.31456555200015,
                17.23237396000013
              ],
              [
                96.31456562500006,
                17.23237417300004
              ],
              [
                96.31477784000015,
                17.232993024000166
              ],
              [
                96.31496975800002,
                17.233552687000042
              ],
              [
                96.31497001200006,
                17.23355293700007
              ],
              [
                96.31611412300015,
                17.23468174499999
              ],
              [
                96.31611409800001,
                17.234681759000182
              ],
              [
                96.31431393900004,
                17.235761575000026
              ],
              [
                96.31431393900004,
                17.23576161200009
              ],
              [
                96.3143137460001,
                17.235786648000044
              ],
              [
                96.31431293700012,
                17.235891043000038
              ],
              [
                96.3143059100002,
                17.236799202000157
              ],
              [
                96.31428167100006,
                17.23772859000013
              ],
              [
                96.31427762300007,
                17.23788381600002
              ],
              [
                96.31427576800019,
                17.23795497800006
              ],
              [
                96.31504987000011,
                17.238095916000134
              ],
              [
                96.31519228100007,
                17.238225074000184
              ],
              [
                96.31522585300019,
                17.23825552200003
              ],
              [
                96.31570208500017,
                17.23868743900016
              ],
              [
                96.31566366600009,
                17.238824063000095
              ],
              [
                96.31535125400018,
                17.239935038999988
              ],
              [
                96.31559784000012,
                17.24067225800013
              ],
              [
                96.31569563000005,
                17.24096462300008
              ],
              [
                96.31576392,
                17.24116879100012
              ],
              [
                96.31583212500004,
                17.241372705000117
              ],
              [
                96.31583205400017,
                17.241372811000133
              ],
              [
                96.31501583300019,
                17.24259357300008
              ],
              [
                96.31501587600013,
                17.24259364100004
              ],
              [
                96.31885814900016,
                17.248685178000017
              ],
              [
                96.31050589199998,
                17.251897586999974
              ],
              [
                96.31050569500007,
                17.251897663000022
              ],
              [
                96.31055999400002,
                17.25274082500016
              ],
              [
                96.31077366500006,
                17.25362562400005
              ],
              [
                96.31016354600007,
                17.254838780000057
              ],
              [
                96.3091448740002,
                17.255136189999973
              ],
              [
                96.30884339700003,
                17.25667757200017
              ],
              [
                96.30932786400007,
                17.25726115600014
              ],
              [
                96.30898843200004,
                17.25799754700006
              ],
              [
                96.30898843400001,
                17.257997574000115
              ],
              [
                96.31015471400008,
                17.270965975000138
              ],
              [
                96.30319196800002,
                17.28454333300016
              ],
              [
                96.30275190700013,
                17.287917133000064
              ],
              [
                96.30228978200017,
                17.291460090000044
              ],
              [
                96.30228884000013,
                17.291467310000087
              ],
              [
                96.3031560030002,
                17.29212352600001
              ],
              [
                96.30806589200006,
                17.304735302000097
              ],
              [
                96.31210468400013,
                17.31024275100009
              ],
              [
                96.31138807500008,
                17.31097572900012
              ],
              [
                96.31102171300012,
                17.311609124000086
              ],
              [
                96.31102184600007,
                17.311609197000166
              ],
              [
                96.311176967,
                17.311694077000084
              ],
              [
                96.31144414700009,
                17.31184027400019
              ],
              [
                96.31163568100015,
                17.311945079000054
              ],
              [
                96.31172371500014,
                17.312459949000015
              ],
              [
                96.31132281499998,
                17.31280299499997
              ],
              [
                96.310842261,
                17.314809669000113
              ],
              [
                96.31031979900013,
                17.315587699
              ],
              [
                96.30925916800004,
                17.315736432000165
              ],
              [
                96.30852212000019,
                17.315862566000078
              ],
              [
                96.30845446400008,
                17.31587414400019
              ],
              [
                96.30845431600005,
                17.315874169999972
              ],
              [
                96.30781366200017,
                17.316430853000156
              ],
              [
                96.307534842,
                17.316789398000026
              ],
              [
                96.30706444100008,
                17.317405685000153
              ],
              [
                96.30706435800016,
                17.317405793000148
              ],
              [
                96.30702646800006,
                17.317455434000067
              ],
              [
                96.30696680800008,
                17.317533596000146
              ],
              [
                96.3062114670002,
                17.317529691000118
              ],
              [
                96.30621133700004,
                17.317529697999987
              ],
              [
                96.30598991800008,
                17.31800658200001
              ],
              [
                96.30549803500014,
                17.318681669
              ],
              [
                96.30549797200007,
                17.31868175800014
              ],
              [
                96.30543377000009,
                17.318646032000174
              ],
              [
                96.3050969460001,
                17.318458602000135
              ],
              [
                96.30478471300012,
                17.31828485500006
              ],
              [
                96.30464335300013,
                17.318998178000186
              ],
              [
                96.30410564800013,
                17.319818403000113
              ],
              [
                96.30330476100005,
                17.320268274000114
              ],
              [
                96.30315952200004,
                17.320648048000123
              ],
              [
                96.3030946290001,
                17.3208177300001
              ],
              [
                96.30244255700012,
                17.321355828000037
              ],
              [
                96.3024425270001,
                17.321355854000046
              ],
              [
                96.30225148000005,
                17.32211373300015
              ],
              [
                96.30196561500009,
                17.323247750000064
              ],
              [
                96.3020760980001,
                17.32362943000004
              ],
              [
                96.30147692300017,
                17.323955447000117
              ],
              [
                96.30143148300016,
                17.323980171000187
              ],
              [
                96.30086325900004,
                17.323716944000182
              ],
              [
                96.30059429900012,
                17.324101640000038
              ],
              [
                96.30058067800019,
                17.32412112300011
              ],
              [
                96.30063518000009,
                17.32424315300011
              ],
              [
                96.30090529400019,
                17.324847943000066
              ],
              [
                96.30091047000008,
                17.3248595390001
              ],
              [
                96.30096244800012,
                17.32497596700017
              ],
              [
                96.30099113,
                17.325156554000102
              ],
              [
                96.30099121900014,
                17.32515711500008
              ],
              [
                96.30099130700012,
                17.32515767000018
              ],
              [
                96.30106530100005,
                17.325624327000185
              ],
              [
                96.30062280300018,
                17.32634526800007
              ],
              [
                96.30021823200019,
                17.326803016999975
              ],
              [
                96.30023000400013,
                17.32753915400008
              ],
              [
                96.30023123800004,
                17.327616327000158
              ],
              [
                96.30023191499998,
                17.327659768000103
              ],
              [
                96.30023384100014,
                17.327783585000134
              ],
              [
                96.30020288700007,
                17.327833028000043
              ],
              [
                96.29966513500017,
                17.32869131500007
              ],
              [
                96.30052688900008,
                17.329563689000167
              ],
              [
                96.30061422800009,
                17.32965212099998
              ],
              [
                96.30119133000005,
                17.330236435000018
              ],
              [
                96.30091047299999,
                17.330753804000096
              ],
              [
                96.30090141300013,
                17.33077049300016
              ],
              [
                96.30098934200004,
                17.33087521700014
              ],
              [
                96.30107128100019,
                17.330972807000023
              ],
              [
                96.30116276100011,
                17.331081760000075
              ],
              [
                96.30124080000007,
                17.331174745000055
              ],
              [
                96.30156482800004,
                17.331518275000064
              ],
              [
                96.30149254000014,
                17.331853787000114
              ],
              [
                96.3012177760001,
                17.332593821000046
              ],
              [
                96.30132564200017,
                17.33269945300009
              ],
              [
                96.30148225200014,
                17.332852817000173
              ],
              [
                96.30159218300008,
                17.33296047099998
              ],
              [
                96.30178638600012,
                17.33315065200003
              ],
              [
                96.3021793330002,
                17.33368492600016
              ],
              [
                96.30217940400013,
                17.333685027000115
              ],
              [
                96.30237653000006,
                17.33446052200003
              ],
              [
                96.30241205000016,
                17.334600261000162
              ],
              [
                96.302433914,
                17.33470870700006
              ],
              [
                96.30250469900011,
                17.335059805000128
              ],
              [
                96.30266449800013,
                17.335852424999985
              ],
              [
                96.30267891900013,
                17.335923955000055
              ],
              [
                96.30271889000016,
                17.33620797200001
              ],
              [
                96.30290389600003,
                17.337522538000087
              ],
              [
                96.30230490600019,
                17.341547019000075
              ],
              [
                96.30212196300005,
                17.34209996100003
              ],
              [
                96.30186247500006,
                17.3422424850001
              ],
              [
                96.30146188500015,
                17.342462512000054
              ],
              [
                96.3004400710002,
                17.343164807
              ],
              [
                96.3002908540002,
                17.34326736400004
              ],
              [
                96.30013963200008,
                17.343460660000062
              ],
              [
                96.29966128700005,
                17.344072090000054
              ],
              [
                96.29895597,
                17.34493058300012
              ],
              [
                96.29895591700011,
                17.344930649000105
              ],
              [
                96.29886592200006,
                17.345320626000102
              ],
              [
                96.29864686800005,
                17.34626950300003
              ],
              [
                96.29885277200003,
                17.347986158000026
              ],
              [
                96.29912347700014,
                17.34869570000012
              ],
              [
                96.29896462600004,
                17.349734495
              ],
              [
                96.2989140460001,
                17.3500652620001
              ],
              [
                96.29884150400017,
                17.35103026400003
              ],
              [
                96.29884147900009,
                17.351030351000134
              ],
              [
                96.29857420700017,
                17.35201826499997
              ],
              [
                96.29855508600008,
                17.352689807000104
              ],
              [
                96.29863153100013,
                17.35367386000007
              ],
              [
                96.29847896700011,
                17.355249489000187
              ],
              [
                96.29835304700015,
                17.356492688000117
              ],
              [
                96.29800584200012,
                17.358049155000174
              ],
              [
                96.29778458400011,
                17.35943387300017
              ],
              [
                96.2977656160001,
                17.360589680000146
              ],
              [
                96.29737253600013,
                17.3611504590001
              ],
              [
                96.29638100700004,
                17.361974362000126
              ],
              [
                96.29602974300013,
                17.36260786300005
              ],
              [
                96.29560266000004,
                17.363752343999977
              ],
              [
                96.29532790700011,
                17.364915805000066
              ],
              [
                96.29519081400008,
                17.366040935000058
              ],
              [
                96.29501899500013,
                17.36675178100012
              ],
              [
                96.2948818700001,
                17.36731909500014
              ],
              [
                96.29481818000016,
                17.367491109000184
              ],
              [
                96.29445812400019,
                17.368463578000046
              ],
              [
                96.29396983200013,
                17.36858535800019
              ],
              [
                96.29352373400019,
                17.368749414000092
              ],
              [
                96.29275695400014,
                17.36963812099998
              ],
              [
                96.29247066700015,
                17.370172195000123
              ],
              [
                96.29181849600013,
                17.370725437999965
              ],
              [
                96.29190624900019,
                17.371343304000106
              ],
              [
                96.29191777000017,
                17.371752579000145
              ],
              [
                96.29192933500013,
                17.372163459000035
              ],
              [
                96.29191542100006,
                17.372240432000126
              ],
              [
                96.29180312000011,
                17.37286169800018
              ],
              [
                96.29125200900006,
                17.373912054000016
              ],
              [
                96.29124260800006,
                17.373929967000038
              ],
              [
                96.29092598000017,
                17.374521255000104
              ],
              [
                96.29075032400004,
                17.374947435000024
              ],
              [
                96.29074953900005,
                17.374949340000057
              ],
              [
                96.2906933540001,
                17.375085911999975
              ],
              [
                96.29058410800013,
                17.375318478000054
              ],
              [
                96.29037279300013,
                17.37576833000014
              ],
              [
                96.29037287500012,
                17.37576860600018
              ],
              [
                96.2904056230002,
                17.375878614000044
              ],
              [
                96.29060909600008,
                17.376562117
              ],
              [
                96.29132617500017,
                17.37690168300003
              ],
              [
                96.2917467540002,
                17.37703350800001
              ],
              [
                96.29204355100018,
                17.377126652000072
              ],
              [
                96.29195196100005,
                17.37766459
              ],
              [
                96.29166950500013,
                17.378126055999985
              ],
              [
                96.29187869200013,
                17.378394346
              ],
              [
                96.29203224200006,
                17.37859153700009
              ],
              [
                96.29238470700017,
                17.37888931000009
              ],
              [
                96.29247465900016,
                17.378965374000188
              ],
              [
                96.29244403500007,
                17.37953729300017
              ],
              [
                96.29248244200016,
                17.38056237800015
              ],
              [
                96.2924862000001,
                17.380662918000098
              ],
              [
                96.29248620500005,
                17.3806629500001
              ],
              [
                96.29271119000009,
                17.38172332900001
              ],
              [
                96.29267303400013,
                17.38249775100013
              ],
              [
                96.29260814100019,
                17.383214682000073
              ],
              [
                96.2920166740002,
                17.38486663900005
              ],
              [
                96.29140629100004,
                17.385610650000046
              ],
              [
                96.2909068420002,
                17.38603778600003
              ],
              [
                96.29013262600006,
                17.386663267000188
              ],
              [
                96.28920917700015,
                17.387357427000097
              ],
              [
                96.2891177680001,
                17.387822863000054
              ],
              [
                96.28915979000004,
                17.388467588000026
              ],
              [
                96.28938868200015,
                17.38942505199998
              ],
              [
                96.28970008100009,
                17.390329085000076
              ],
              [
                96.28973955100014,
                17.39044365600006
              ],
              [
                96.28967784100018,
                17.391323252
              ],
              [
                96.28965954600017,
                17.39158405000012
              ],
              [
                96.28965952300007,
                17.391584072000114
              ],
              [
                96.28913299600015,
                17.39208031900006
              ],
              [
                96.28809527800007,
                17.39287371200004
              ],
              [
                96.28717994400017,
                17.393686094000145
              ],
              [
                96.28684790000005,
                17.394144097000094
              ],
              [
                96.28675642400015,
                17.39474284199997
              ],
              [
                96.28643974300013,
                17.395757695000043
              ],
              [
                96.28567302500011,
                17.3966160920001
              ],
              [
                96.28503197700019,
                17.397405593000144
              ],
              [
                96.28442954500008,
                17.398328511000102
              ],
              [
                96.28391060200005,
                17.39955708500014
              ],
              [
                96.28387988300005,
                17.4006976660001
              ],
              [
                96.28430725300007,
                17.40160168800014
              ],
              [
                96.28461316099998,
                17.402126802000055
              ],
              [
                96.28498272400009,
                17.402761183000052
              ],
              [
                96.28503243400013,
                17.403192133000175
              ],
              [
                96.28510461500014,
                17.40381789300011
              ],
              [
                96.28437591900007,
                17.404485719000093
              ],
              [
                96.28421574600009,
                17.405214190000038
              ],
              [
                96.28441844800017,
                17.405438224000136
              ],
              [
                96.2844204160001,
                17.405440399000042
              ],
              [
                96.28475761400011,
                17.405813217000173
              ],
              [
                96.28474231000013,
                17.405875422000065
              ],
              [
                96.28463929900005,
                17.406293678000054
              ],
              [
                96.28439137300012,
                17.40704890400019
              ],
              [
                96.28442379000006,
                17.407239688000118
              ],
              [
                96.28481465400006,
                17.408509624000033
              ],
              [
                96.2848186490001,
                17.40852165200016
              ],
              [
                96.28430366500015,
                17.409593582000014
              ],
              [
                96.2837290450002,
                17.410362184000064
              ],
              [
                96.28370475900016,
                17.41039468200006
              ],
              [
                96.28370470700014,
                17.410394762000067
              ],
              [
                96.28369313700006,
                17.411390371000095
              ],
              [
                96.28309068300013,
                17.412210287999983
              ],
              [
                96.28309065400003,
                17.4122103790001
              ],
              [
                96.28309059100013,
                17.412210464
              ],
              [
                96.28297363700005,
                17.412555912000187
              ],
              [
                96.28267849500014,
                17.413427419000072
              ],
              [
                96.282758431,
                17.41435405200008
              ],
              [
                96.28203365200017,
                17.41598707600002
              ],
              [
                96.28162556500007,
                17.416929082000024
              ],
              [
                96.28156848800006,
                17.418405437000047
              ],
              [
                96.28171201400005,
                17.420844814000134
              ],
              [
                96.28172111000009,
                17.42099942300007
              ],
              [
                96.28172111500015,
                17.420999527000106
              ],
              [
                96.28199192800008,
                17.422528998000075
              ],
              [
                96.28197638000006,
                17.42333543500007
              ],
              [
                96.28196147500017,
                17.424108349000107
              ],
              [
                96.28194424800006,
                17.424300151000125
              ],
              [
                96.28183162900007,
                17.425554063000163
              ],
              [
                96.28163701800003,
                17.427129586000035
              ],
              [
                96.28125782400014,
                17.42774548900013
              ],
              [
                96.28114131700016,
                17.427934725000114
              ],
              [
                96.28110580900005,
                17.42809173500018
              ],
              [
                96.28090069100011,
                17.428998750000176
              ],
              [
                96.28123260600017,
                17.430089788000032
              ],
              [
                96.28164091000019,
                17.431108478000112
              ],
              [
                96.28165459000007,
                17.431855565000035
              ],
              [
                96.28166129400012,
                17.43222427900014
              ],
              [
                96.28166135400011,
                17.43222496100003
              ],
              [
                96.28166396200015,
                17.432367395000085
              ],
              [
                96.28178391700004,
                17.43291951700013
              ],
              [
                96.28190423800015,
                17.433473322
              ],
              [
                96.28190451100005,
                17.433475706000024
              ],
              [
                96.28195270000003,
                17.43382749
              ],
              [
                96.28201866100011,
                17.434309006000035
              ],
              [
                96.28202805100017,
                17.43455323
              ],
              [
                96.28204825700004,
                17.435074605000068
              ],
              [
                96.2820605760001,
                17.435392455000112
              ],
              [
                96.28202037200015,
                17.435612211000148
              ],
              [
                96.28195344100004,
                17.435978054000145
              ],
              [
                96.2819513890002,
                17.435989270000164
              ],
              [
                96.28195005300012,
                17.43599657200008
              ],
              [
                96.28174030100013,
                17.437143074000062
              ],
              [
                96.28170647600012,
                17.437279460000184
              ],
              [
                96.28147305600015,
                17.43822061600008
              ],
              [
                96.28127484499998,
                17.439019810000104
              ],
              [
                96.28061456500006,
                17.440507900000114
              ],
              [
                96.28051017300015,
                17.440599223000106
              ],
              [
                96.28051003800005,
                17.440599602000077
              ],
              [
                96.27998518100009,
                17.442074238000032
              ],
              [
                96.27855072100004,
                17.446104484999978
              ],
              [
                96.27812607300007,
                17.44729757100015
              ],
              [
                96.26803008900015,
                17.45983051999997
              ],
              [
                96.26037106400014,
                17.46992650499999
              ],
              [
                96.2530601810002,
                17.47062278100003
              ],
              [
                96.24191978099998,
                17.469578368000043
              ],
              [
                96.23739399700014,
                17.47480042800015
              ],
              [
                96.22903869800012,
                17.482459451000125
              ],
              [
                96.22764614900007,
                17.480022489000078
              ],
              [
                96.22520918700008,
                17.4765411140001
              ],
              [
                96.22172781300014,
                17.48280759000005
              ],
              [
                96.21615761300006,
                17.480718765000177
              ],
              [
                96.20849859000003,
                17.48211131400018
              ],
              [
                96.20368010000016,
                17.486669352000035
              ],
              [
                96.20368003800019,
                17.486669540000037
              ],
              [
                96.20367998000017,
                17.486669518000042
              ],
              [
                96.2004029200001,
                17.497339351999983
              ],
              [
                96.20035373500019,
                17.497499495
              ],
              [
                96.20050227700006,
                17.497630917000038
              ],
              [
                96.20065082000019,
                17.497762339000076
              ],
              [
                96.2015781670001,
                17.4979608860001
              ],
              [
                96.20183748000011,
                17.49796381100009
              ],
              [
                96.20220656200013,
                17.49796797500005
              ],
              [
                96.20261552400018,
                17.497972587000106
              ],
              [
                96.204160467,
                17.497903835000102
              ],
              [
                96.20451576300013,
                17.497696416000053
              ],
              [
                96.20472894400007,
                17.497571962000052
              ],
              [
                96.2047290800001,
                17.49757194600005
              ],
              [
                96.20473240500013,
                17.49757155200001
              ],
              [
                96.20640366300017,
                17.497373642000184
              ],
              [
                96.20672877700008,
                17.49765819700019
              ],
              [
                96.20717033400012,
                17.498044670000127
              ],
              [
                96.20717036100001,
                17.498044859
              ],
              [
                96.20717048600011,
                17.4980449680001
              ],
              [
                96.20721244800006,
                17.49833488500002
              ],
              [
                96.2070293430001,
                17.49927711500004
              ],
              [
                96.20633888200007,
                17.50098991400006
              ],
              [
                96.20633883400006,
                17.50098998800007
              ],
              [
                96.20516780600013,
                17.502775157000087
              ],
              [
                96.20489928300003,
                17.50340911900014
              ],
              [
                96.20489918900006,
                17.503409342000054
              ],
              [
                96.2040691570001,
                17.50536914100013
              ],
              [
                96.2057134920002,
                17.51205113000009
              ],
              [
                96.20466907900004,
                17.520406428000058
              ],
              [
                96.1938768190002,
                17.527717314000142
              ],
              [
                96.18865475900014,
                17.53328751400005
              ],
              [
                96.18517338400011,
                17.54094653600015
              ],
              [
                96.18134387300012,
                17.553827622000085
              ],
              [
                96.17646994900008,
                17.56113850800017
              ],
              [
                96.1726404380002,
                17.5715826280001
              ],
              [
                96.16672210100018,
                17.57645655200014
              ],
              [
                96.16428514000006,
                17.586204400000042
              ],
              [
                96.1573223910001,
                17.586552536000056
              ],
              [
                96.1548854290001,
                17.592819012000064
              ],
              [
                96.14952985100018,
                17.60056815300004
              ],
              [
                96.14948460000005,
                17.600633628000026
              ],
              [
                96.1497953020002,
                17.600935644000174
              ],
              [
                96.15154070900013,
                17.602632254000184
              ],
              [
                96.15204811900014,
                17.60355931800018
              ],
              [
                96.15204808200008,
                17.60355943999997
              ],
              [
                96.15174672199998,
                17.60457008100002
              ],
              [
                96.15098372900019,
                17.605943642000113
              ],
              [
                96.14896709200008,
                17.613359117000186
              ],
              [
                96.1437450320002,
                17.618233041000053
              ],
              [
                96.13887110800016,
                17.62484765400012
              ],
              [
                96.13399718400012,
                17.63389922500005
              ],
              [
                96.12810297800019,
                17.64102139300013
              ],
              [
                96.12564188600015,
                17.643995208999968
              ],
              [
                96.12250865100015,
                17.65235050800004
              ],
              [
                96.11310514900015,
                17.660377887000152
              ],
              [
                96.10823501600015,
                17.66453531700006
              ],
              [
                96.10475364100012,
                17.674283165000134
              ],
              [
                96.10092413000012,
                17.679853365000042
              ],
              [
                96.09709461900007,
                17.67706826600005
              ],
              [
                96.09396138100016,
                17.684031012000105
              ],
              [
                96.08298311700008,
                17.702546788000177
              ],
              [
                96.08064053000015,
                17.705552975000103
              ],
              [
                96.08083469500014,
                17.70602771300014
              ],
              [
                96.08100709899998,
                17.70644924400011
              ],
              [
                96.08500487700019,
                17.708086017000085
              ],
              [
                96.08664104200011,
                17.708448083000064
              ],
              [
                96.08664114500004,
                17.708448373000067
              ],
              [
                96.08704922200013,
                17.709589004
              ],
              [
                96.08725541500007,
                17.711439113000097
              ],
              [
                96.08740004000003,
                17.711560109000118
              ],
              [
                96.087548971,
                17.711684709000167
              ],
              [
                96.08856371400003,
                17.712533666000127
              ],
              [
                96.08964077000019,
                17.713000982999972
              ],
              [
                96.08994454000009,
                17.713132784000152
              ],
              [
                96.091855743,
                17.713239394000084
              ],
              [
                96.09260375200017,
                17.713590577000105
              ],
              [
                96.09267858800018,
                17.71391520800006
              ],
              [
                96.09280947700006,
                17.71448299600013
              ],
              [
                96.09139412300004,
                17.716859613000054
              ],
              [
                96.09111960700005,
                17.718057631000022
              ],
              [
                96.09219551500007,
                17.718679422000037
              ],
              [
                96.09219554300006,
                17.718679437000162
              ],
              [
                96.092421382,
                17.7186743850001
              ],
              [
                96.09373249500004,
                17.718645054000035
              ],
              [
                96.09596054900004,
                17.718164169000147
              ],
              [
                96.09625233900016,
                17.718403126000112
              ],
              [
                96.09637988400016,
                17.71850757700014
              ],
              [
                96.09613962800017,
                17.719472993000068
              ],
              [
                96.0951251530002,
                17.72270387599997
              ],
              [
                96.09517092300007,
                17.72440519100013
              ],
              [
                96.09517097700007,
                17.724405282000077
              ],
              [
                96.09594155300005,
                17.72570225400011
              ],
              [
                96.09608878000006,
                17.725919938000175
              ],
              [
                96.0967310200001,
                17.726869528
              ],
              [
                96.09688407400012,
                17.727538692000167
              ],
              [
                96.097055539,
                17.728288355000075
              ],
              [
                96.09741000000014,
                17.731552953
              ],
              [
                96.09789529300002,
                17.73602251200009
              ],
              [
                96.09848716800008,
                17.741473685000187
              ],
              [
                96.09674648200013,
                17.751917809000133
              ],
              [
                96.0911762830001,
                17.770369092000124
              ],
              [
                96.08952465000016,
                17.772506280000016
              ],
              [
                96.08193791500008,
                17.78232340600016
              ],
              [
                96.08399594800011,
                17.79147492100003
              ],
              [
                96.08174865700005,
                17.788525351000033
              ],
              [
                96.07981830100005,
                17.785991757000033
              ],
              [
                96.07774748400004,
                17.785370512000043
              ],
              [
                96.0719852090001,
                17.78364182900009
              ],
              [
                96.06180218800017,
                17.78886389200005
              ]
            ],
            [
              [
                96.56508962700002,
                16.92939911999997
              ],
              [
                96.56520732000013,
                16.929446400000188
              ],
              [
                96.56543856300016,
                16.92928173700011
              ],
              [
                96.56508962700002,
                16.92939911999997
              ]
            ],
            [
              [
                96.24829071600016,
                16.74818725700004
              ],
              [
                96.248290882,
                16.748197030000085
              ],
              [
                96.24829267600018,
                16.748187217000066
              ],
              [
                96.24829071600016,
                16.74818725700004
              ]
            ]
          ],
          [
            [
              [
                93.37067473500014,
                14.152296686
              ],
              [
                93.36986164000007,
                14.152489740000021
              ],
              [
                93.36923881000007,
                14.152854423000065
              ],
              [
                93.3682911960002,
                14.153512909000028
              ],
              [
                93.36788668700018,
                14.154298131000132
              ],
              [
                93.36797635300013,
                14.154396763000136
              ],
              [
                93.36751207300011,
                14.155691721000153
              ],
              [
                93.36616691000012,
                14.15709829900004
              ],
              [
                93.36572217100013,
                14.157230519000109
              ],
              [
                93.36450269700015,
                14.157171033000168
              ],
              [
                93.363486562,
                14.15672324500008
              ],
              [
                93.36274784500006,
                14.156397708000043
              ],
              [
                93.36027746900015,
                14.154324971000051
              ],
              [
                93.3597437750002,
                14.154047990000151
              ],
              [
                93.35870276100007,
                14.153512611000167
              ],
              [
                93.35751303100005,
                14.152798774000189
              ],
              [
                93.35623407000014,
                14.152055192000091
              ],
              [
                93.35492536600009,
                14.151519813000107
              ],
              [
                93.3537653790001,
                14.151162893999981
              ],
              [
                93.35284333900017,
                14.15065725800008
              ],
              [
                93.35218898600016,
                14.150211109
              ],
              [
                93.35195104000019,
                14.14970547400003
              ],
              [
                93.35257564900007,
                14.14908086600002
              ],
              [
                93.35257564900007,
                14.148753690000149
              ],
              [
                93.35295789700007,
                14.14734540600017
              ],
              [
                93.35293156400013,
                14.14435452500004
              ],
              [
                93.35362534500007,
                14.141884425000114
              ],
              [
                93.35445780200013,
                14.140678394000076
              ],
              [
                93.3547433380001,
                14.139878894
              ],
              [
                93.3545586140001,
                14.138561666999976
              ],
              [
                93.3558557340001,
                14.133943474999967
              ],
              [
                93.35587120200017,
                14.133061739000027
              ],
              [
                93.35653961800006,
                14.131508611000129
              ],
              [
                93.35712042000011,
                14.130563305000067
              ],
              [
                93.35765579800005,
                14.129671007000127
              ],
              [
                93.35790564100017,
                14.128635942000017
              ],
              [
                93.35786995000018,
                14.12785071899998
              ],
              [
                93.35826256100006,
                14.127065497000046
              ],
              [
                93.35826256100006,
                14.126387351000062
              ],
              [
                93.35815419100015,
                14.125760175000039
              ],
              [
                93.35840360800006,
                14.124872165000113
              ],
              [
                93.35890501600016,
                14.12406737700013
              ],
              [
                93.35940470200012,
                14.123353538000117
              ],
              [
                93.35969023700005,
                14.122568316000184
              ],
              [
                93.359654546,
                14.121818786000176
              ],
              [
                93.35944271800008,
                14.121172577000038
              ],
              [
                93.35976842700012,
                14.120012940000152
              ],
              [
                93.3623382450001,
                14.09802672000012
              ],
              [
                93.35991119500005,
                14.090174498000067
              ],
              [
                93.35797732700007,
                14.085305485000163
              ],
              [
                93.35437078700011,
                14.083245655000098
              ],
              [
                93.35418197600018,
                14.082242119
              ],
              [
                93.35432613900014,
                14.081503281000153
              ],
              [
                93.35421906300013,
                14.080503907000093
              ],
              [
                93.35400491200011,
                14.079397457000027
              ],
              [
                93.3535227430001,
                14.078738277000184
              ],
              [
                93.35286277000012,
                14.078148240000132
              ],
              [
                93.35257723500018,
                14.077470094000148
              ],
              [
                93.35257723500018,
                14.076542104000112
              ],
              [
                93.35257723500018,
                14.07582826600003
              ],
              [
                93.352819781,
                14.075002010000048
              ],
              [
                93.35268480200011,
                14.074284591000094
              ],
              [
                93.35310475000006,
                14.073175716000094
              ],
              [
                93.35443348100011,
                14.07225498500003
              ],
              [
                93.35600365900018,
                14.072021129000063
              ],
              [
                93.35814517400019,
                14.07089088400005
              ],
              [
                93.36004874300005,
                14.069463208000059
              ],
              [
                93.36028668900019,
                14.067976045000023
              ],
              [
                93.3609949870002,
                14.065831605000028
              ],
              [
                93.36236871800008,
                14.064525826000079
              ],
              [
                93.36296358200008,
                14.063098150000087
              ],
              [
                93.363155017,
                14.061740133000114
              ],
              [
                93.36327858200019,
                14.060235745000114
              ],
              [
                93.36327038100018,
                14.059938539000086
              ],
              [
                93.3629080820001,
                14.046810033000042
              ],
              [
                93.36322770200007,
                14.046399092000058
              ],
              [
                93.36528355700011,
                14.04582802200008
              ],
              [
                93.3663685910002,
                14.04622777100019
              ],
              [
                93.36688255500007,
                14.047084377000033
              ],
              [
                93.36730459600005,
                14.049025197
              ],
              [
                93.3678533750001,
                14.051595835000057
              ],
              [
                93.36796758900016,
                14.05296640500012
              ],
              [
                93.3674778570001,
                14.053731611000046
              ],
              [
                93.36705387600011,
                14.054394081000169
              ],
              [
                93.36653991300011,
                14.055993079000132
              ],
              [
                93.36648280600014,
                14.058106040000041
              ],
              [
                93.36653991300011,
                14.059419503000129
              ],
              [
                93.36722519700015,
                14.061132715000099
              ],
              [
                93.36780683700016,
                14.062667910000016
              ],
              [
                93.36787635200011,
                14.064556190000133
              ],
              [
                93.36745362600016,
                14.06564417300018
              ],
              [
                93.36745362600016,
                14.067071849000172
              ],
              [
                93.36745362600016,
                14.068328205
              ],
              [
                93.36812194200019,
                14.069712849000041
              ],
              [
                93.36870998100011,
                14.07084091600018
              ],
              [
                93.36968080100013,
                14.071012237000048
              ],
              [
                93.37042319200003,
                14.071240666000051
              ],
              [
                93.37053740700014,
                14.072211484999968
              ],
              [
                93.370194765,
                14.074038911
              ],
              [
                93.37013765800003,
                14.076266087000079
              ],
              [
                93.37070872800018,
                14.078835905000062
              ],
              [
                93.37116558500009,
                14.080263581999986
              ],
              [
                93.37173665500006,
                14.082833399000094
              ],
              [
                93.37196508400007,
                14.084318183
              ],
              [
                93.37213640400017,
                14.085631646000081
              ],
              [
                93.37247904700018,
                14.086888000000101
              ],
              [
                93.37247904700018,
                14.087858821000054
              ],
              [
                93.37270634499998,
                14.089001889000144
              ],
              [
                93.37282169000002,
                14.08991467500016
              ],
              [
                93.3735640810001,
                14.090599960000077
              ],
              [
                93.37416196600009,
                14.09077565500013
              ],
              [
                93.3751059720002,
                14.091171030999988
              ],
              [
                93.3753344000001,
                14.092027637000172
              ],
              [
                93.37534362400015,
                14.092096814000115
              ],
              [
                93.37544861500004,
                14.092884243000185
              ],
              [
                93.37601968500007,
                14.0957395960001
              ],
              [
                93.37624811300014,
                14.097509915000103
              ],
              [
                93.37613389900008,
                14.099051805000158
              ],
              [
                93.37607679200005,
                14.10019394700015
              ],
              [
                93.37601968500007,
                14.100650803000121
              ],
              [
                93.37659075600016,
                14.10213558700002
              ],
              [
                93.37693339800006,
                14.104419869000026
              ],
              [
                93.37693339800006,
                14.10510515400017
              ],
              [
                93.37727604100007,
                14.106932580000034
              ],
              [
                93.37744736200017,
                14.108645792000175
              ],
              [
                93.37687629100003,
                14.10933107700015
              ],
              [
                93.37590547100018,
                14.11030189700017
              ],
              [
                93.37577567600005,
                14.111411003000114
              ],
              [
                93.37623338600008,
                14.113568777000125
              ],
              [
                93.37652388900005,
                14.114938291999977
              ],
              [
                93.37678261000019,
                14.115853174000051
              ],
              [
                93.37739095500018,
                14.11772418400011
              ],
              [
                93.37781582000008,
                14.11903088400004
              ],
              [
                93.37829065000011,
                14.120491256000093
              ],
              [
                93.37886541000006,
                14.122258972000168
              ],
              [
                93.3780972940001,
                14.123172269000122
              ],
              [
                93.37798649000018,
                14.123282510000138
              ],
              [
                93.37670496900012,
                14.123550736000084
              ],
              [
                93.37590547100018,
                14.124236020000126
              ],
              [
                93.3758322540001,
                14.124338524000109
              ],
              [
                93.375048865,
                14.12543526900015
              ],
              [
                93.37410248700007,
                14.127146803000187
              ],
              [
                93.37393855200008,
                14.127309906000107
              ],
              [
                93.37220739200018,
                14.129932946000054
              ],
              [
                93.37125560800013,
                14.132122050000191
              ],
              [
                93.3709417980001,
                14.133860752000146
              ],
              [
                93.37087291100016,
                14.136580070000093
              ],
              [
                93.37037322400016,
                14.138935736000121
              ],
              [
                93.37012338100016,
                14.14104155900003
              ],
              [
                93.37030184100018,
                14.14218370000009
              ],
              [
                93.37062306800004,
                14.14371845300019
              ],
              [
                93.37109896000015,
                14.144708903000037
              ],
              [
                93.37156729700007,
                14.145104814000035
              ],
              [
                93.37219351100003,
                14.14542274200005
              ],
              [
                93.37258418100004,
                14.145263950000071
              ],
              [
                93.37440650900015,
                14.145549133000088
              ],
              [
                93.37610467600007,
                14.145824305000133
              ],
              [
                93.37718390200018,
                14.146054446999983
              ],
              [
                93.37771386100007,
                14.146231758
              ],
              [
                93.37816595900017,
                14.146255553000117
              ],
              [
                93.37849908400011,
                14.146755239000072
              ],
              [
                93.37842770000009,
                14.147302516000138
              ],
              [
                93.37826083400012,
                14.147691867000106
              ],
              [
                93.37814216400005,
                14.147968765000144
              ],
              [
                93.3777852450001,
                14.14856363000007
              ],
              [
                93.37700002300016,
                14.148991933000048
              ],
              [
                93.3761672120001,
                14.14930126300004
              ],
              [
                93.37550096200005,
                14.149634387999981
              ],
              [
                93.37466815200003,
                14.150253047000092
              ],
              [
                93.37409708000007,
                14.150633761000165
              ],
              [
                93.37364498300002,
                14.151038270000186
              ],
              [
                93.37353172800016,
                14.151264778999973
              ],
              [
                93.37340703700005,
                14.151514161000023
              ],
              [
                93.37328806400006,
                14.151966259000119
              ],
              [
                93.37309770700006,
                14.152228
              ],
              [
                93.37269319800009,
                14.152251794000051
              ],
              [
                93.37243145800011,
                14.152156616000127
              ],
              [
                93.372183866,
                14.152032820000045
              ],
              [
                93.37205074400003,
                14.151966259000119
              ],
              [
                93.37167003000013,
                14.151942464
              ],
              [
                93.37067473500014,
                14.152296686
              ]
            ]
          ],
          [
            [
              [
                93.64316891100015,
                14.901296998000078
              ],
              [
                93.64202676900015,
                14.902724674000126
              ],
              [
                93.64097980600013,
                14.903295746000083
              ],
              [
                93.64062963500004,
                14.903220709000038
              ],
              [
                93.63964730900011,
                14.903010210000105
              ],
              [
                93.63860034600009,
                14.902439139000023
              ],
              [
                93.63612570600014,
                14.901772890000018
              ],
              [
                93.6336510660002,
                14.90120182000004
              ],
              [
                93.63209321200009,
                14.901265059000025
              ],
              [
                93.630510178,
                14.901392177000048
              ],
              [
                93.62813071700003,
                14.901011463000032
              ],
              [
                93.6265126830001,
                14.89996450000018
              ],
              [
                93.62518018600008,
                14.898727181000027
              ],
              [
                93.62477082400017,
                14.89721254300008
              ],
              [
                93.6242284010001,
                14.895205577000127
              ],
              [
                93.62261036700016,
                14.891208084000027
              ],
              [
                93.62042126400013,
                14.885878091000052
              ],
              [
                93.61747073200007,
                14.880167384000117
              ],
              [
                93.6139491290001,
                14.876360246000047
              ],
              [
                93.61268478900013,
                14.875193164000109
              ],
              [
                93.61212000200004,
                14.873959104000164
              ],
              [
                93.60854417400014,
                14.845350318000044
              ],
              [
                93.60925618000005,
                14.84094235900011
              ],
              [
                93.60969645100016,
                14.83821668500019
              ],
              [
                93.61140856900005,
                14.836295480000103
              ],
              [
                93.61252145300011,
                14.838098513000034
              ],
              [
                93.61261663100004,
                14.841429759000107
              ],
              [
                93.61290216700019,
                14.843904399000053
              ],
              [
                93.61566234100013,
                14.849139213000115
              ],
              [
                93.61794662400001,
                14.854374027000176
              ],
              [
                93.62023090600002,
                14.858466700000122
              ],
              [
                93.62184894000018,
                14.860846161000097
              ],
              [
                93.62280072400006,
                14.863511157000175
              ],
              [
                93.62384768700008,
                14.865605083000048
              ],
              [
                93.6260367920001,
                14.867413473000113
              ],
              [
                93.62765482500009,
                14.869317042000148
              ],
              [
                93.63098607000012,
                14.871506146000058
              ],
              [
                93.63288963900015,
                14.872838644000183
              ],
              [
                93.63564981400003,
                14.873409715000093
              ],
              [
                93.63622088400018,
                14.874551855999982
              ],
              [
                93.63622088400018,
                14.876550603999988
              ],
              [
                93.6370774900002,
                14.881499883000174
              ],
              [
                93.637363026,
                14.884450414000128
              ],
              [
                93.63793409600004,
                14.889780406000057
              ],
              [
                93.63831481000005,
                14.892540581000105
              ],
              [
                93.64040873600015,
                14.895491113000162
              ],
              [
                93.64179737000012,
                14.896392507000087
              ],
              [
                93.64359677300001,
                14.900334308000026
              ],
              [
                93.64316891100015,
                14.901296998000078
              ]
            ]
          ],
          [
            [
              [
                96.1386331870001,
                16.312114615000098
              ],
              [
                96.13972124800011,
                16.313195916000097
              ],
              [
                96.14080902900014,
                16.316678721000073
              ],
              [
                96.14156708600007,
                16.316831249000074
              ],
              [
                96.14464925900012,
                16.321350763999988
              ],
              [
                96.14586236400004,
                16.322388404000037
              ],
              [
                96.14938319000004,
                16.324124160000167
              ],
              [
                96.1500302280001,
                16.3252966390001
              ],
              [
                96.15080545500018,
                16.325600737
              ],
              [
                96.15588280000009,
                16.3272851590001
              ],
              [
                96.1575887800002,
                16.328143974000056
              ],
              [
                96.15873092200002,
                16.328657937
              ],
              [
                96.15987306300013,
                16.329171903000088
              ],
              [
                96.16174228700004,
                16.32952553900003
              ],
              [
                96.16198602300017,
                16.329571650000048
              ],
              [
                96.16404187799998,
                16.329857186000027
              ],
              [
                96.16626905400005,
                16.33019983000014
              ],
              [
                96.16826780100013,
                16.33088511300008
              ],
              [
                96.16878176500006,
                16.33162750500003
              ],
              [
                96.16752540800007,
                16.332712539000113
              ],
              [
                96.16489848400016,
                16.332940969
              ],
              [
                96.16295684300019,
                16.332940969
              ],
              [
                96.16164338200014,
                16.332826755000156
              ],
              [
                96.15966406800015,
                16.332722360000105
              ],
              [
                96.15811885,
                16.33240152900015
              ],
              [
                96.15627512200007,
                16.331075293000026
              ],
              [
                96.14086417700008,
                16.32488582400009
              ],
              [
                96.1396684610001,
                16.324031540000135
              ],
              [
                96.13044899100004,
                16.321467178000034
              ],
              [
                96.12952693300014,
                16.319860411000036
              ],
              [
                96.12951096500007,
                16.31796933700008
              ],
              [
                96.12950954700011,
                16.31780135000014
              ],
              [
                96.12977907200013,
                16.316832442000077
              ],
              [
                96.13157748499998,
                16.31470250300015
              ],
              [
                96.13234934700012,
                16.31334933
              ],
              [
                96.13333614400011,
                16.312585926000054
              ],
              [
                96.13555838600013,
                16.312015344000145
              ],
              [
                96.1386331870001,
                16.312114615000098
              ]
            ]
          ],
          [
            [
              [
                96.27827417800017,
                16.5362849980001
              ],
              [
                96.27750085300005,
                16.538426513000104
              ],
              [
                96.27651795000014,
                16.540572890000135
              ],
              [
                96.2735984150001,
                16.546072757
              ],
              [
                96.27315606400015,
                16.546906064000098
              ],
              [
                96.27063093400011,
                16.549130934000175
              ],
              [
                96.2672919640001,
                16.553135783000187
              ],
              [
                96.26642400600002,
                16.55417683700017
              ],
              [
                96.2642186180002,
                16.55537170100007
              ],
              [
                96.26355083000016,
                16.555319282000085
              ],
              [
                96.26312867300015,
                16.553640045000122
              ],
              [
                96.26381762300014,
                16.550469150000083
              ],
              [
                96.26590209500011,
                16.545985428000165
              ],
              [
                96.26757571300004,
                16.54147571200008
              ],
              [
                96.2717960540001,
                16.534701271000074
              ],
              [
                96.27280141800014,
                16.53402451000011
              ],
              [
                96.27434806700012,
                16.533310672000027
              ],
              [
                96.27607317600012,
                16.532418374000088
              ],
              [
                96.27728670200014,
                16.532013866
              ],
              [
                96.27910698900007,
                16.53200196900019
              ],
              [
                96.27827417800017,
                16.5362849980001
              ]
            ]
          ],
          [
            [
              [
                96.25388767900006,
                16.804586318000133
              ],
              [
                96.25757818000017,
                16.805146542000102
              ],
              [
                96.2589116310001,
                16.805348961999982
              ],
              [
                96.26028103400017,
                16.80588789000018
              ],
              [
                96.26062692400018,
                16.806508093000048
              ],
              [
                96.25914731400013,
                16.807004012000164
              ],
              [
                96.25866836300003,
                16.806965382000158
              ],
              [
                96.255239517,
                16.806688835000102
              ],
              [
                96.25308464300008,
                16.806153695000035
              ],
              [
                96.25160215200009,
                16.804916758000104
              ],
              [
                96.25204407200005,
                16.804531573000133
              ],
              [
                96.25388767900006,
                16.804586318000133
              ]
            ]
          ],
          [
            [
              [
                96.30763249600011,
                16.863607463999983
              ],
              [
                96.30822309700005,
                16.86595275300016
              ],
              [
                96.30794701000019,
                16.866891405000047
              ],
              [
                96.30745893500006,
                16.868550798000115
              ],
              [
                96.30669081000019,
                16.86934404100009
              ],
              [
                96.30604765700014,
                16.869480859000078
              ],
              [
                96.3050454800001,
                16.868965939000077
              ],
              [
                96.30438830800011,
                16.867797220000114
              ],
              [
                96.30533926900017,
                16.863571902000103
              ],
              [
                96.30557380800013,
                16.863203398000167
              ],
              [
                96.30554958200008,
                16.863162397000053
              ],
              [
                96.30562083600012,
                16.86312951300016
              ],
              [
                96.30562392700011,
                16.863128084000152
              ],
              [
                96.30647159300008,
                16.86268963499998
              ],
              [
                96.30763249600011,
                16.863607463999983
              ]
            ]
          ]
        ]
      },
      "properties": {
        "id": "dmh-yangon-weather-20260817-1600-mst",
        "hazard_type": "severe_weather",
        "name": "Yangon rain or thunderstorm forecast",
        "severity": "unknown",
        "description": "DMH forecast one or two rain or thundershowers for Yangon and neighbouring area for 18 August 2026. The report also said cumulonimbus clouds were developing in Yangon Region and that strong wind, rain, thunder, lightning and hail may occur along cloud movement. DMH did not publish a categorical severity or a machine-readable forecast footprint.",
        "source": "Myanmar Department of Meteorology and Hydrology",
        "source_url": "https://www.moezala.gov.mm/en/forecast/132523",
        "issued_at": "2026-08-17T16:00:00+06:30",
        "updated_at": "2026-08-17T19:00:00+06:30",
        "expires_at": null,
        "verification_level": "official",
        "license": "No open-data license stated on the report; site footer states © 2025 Ministry of National Planning. All rights reserved.",
        "geographic_coverage": "Yangon and neighbouring area",
        "geometry_source": "OCHA FISS Myanmar COD-AB, Yangon Region (MMR013)",
        "geometry_source_url": "https://data.humdata.org/dataset/cod-ab-mmr",
        "geometry_note": "Administrative coverage envelope only; it is not a meteorological footprint and does not imply identical conditions across the whole region.",
        "retrieved_at": "2026-08-17T13:42:17+00:00",
        "is_stale": false
      }
    },
    {
      "type": "Feature",
      "id": "usgs-us6000ta1y",
      "geometry": {
        "type": "Point",
        "coordinates": [
          96.1159,
          16.6943,
          10.0
        ]
      },
      "properties": {
        "id": "usgs-us6000ta1y",
        "hazard_type": "earthquake",
        "name": "M 3.5 — 12 km E of Kanbe, Myanmar",
        "severity": "unknown",
        "description": "Reviewed USGS earthquake at 10 km depth with one felt report and no PAGER alert. This was the latest USGS catalog event found inside the OCHA COD Yangon Region polygon for 1 January 2025 through retrieval time. It is a historical event record, not a current warning.",
        "source": "U.S. Geological Survey Earthquake Hazards Program",
        "source_url": "https://earthquake.usgs.gov/earthquakes/eventpage/us6000ta1y",
        "issued_at": "2026-07-04T00:21:06.565000+00:00",
        "updated_at": "2026-07-06T14:04:20.526000+00:00",
        "expires_at": null,
        "verification_level": "scientific",
        "license": "U.S. Public Domain; credit to USGS requested.",
        "geographic_coverage": "Epicentre inside Yangon Region (MMR013)",
        "catalog_status": "reviewed",
        "magnitude": 3.5,
        "depth_km": 10.0,
        "felt_reports": 1,
        "pager_alert": null,
        "retrieved_at": "2026-08-17T13:42:17+00:00",
        "is_stale": true
      }
    },
    {
      "type": "Feature",
      "id": "gnlm-ybs-sanpya-20260730",
      "geometry": null,
      "properties": {
        "id": "gnlm-ybs-sanpya-20260730",
        "hazard_type": "fire",
        "name": "YBS No. 6 bus fire near Sanpya Market",
        "severity": "unknown",
        "description": "A YBS No. 6 bus caught fire on the Pyidaungsu overbridge near Sanpya Market, Thingangyun Township. The report, citing the Fire Services Department, says firefighters extinguished it at 06:57 and no casualties were reported. The source did not publish verified coordinates.",
        "source": "Global New Light of Myanmar, citing Myanmar Fire Services Department",
        "source_url": "https://www.gnlm.com.mm/ybs-bus-catches-fire-near-sanpya-market/",
        "issued_at": "2026-07-30T06:45:00+06:30",
        "updated_at": "2026-07-30T06:57:00+06:30",
        "expires_at": "2026-07-30T06:57:00+06:30",
        "verification_level": "official",
        "license": "No open-data license stated; site copyright applies.",
        "geographic_coverage": "Thingangyun Township, Yangon Region",
        "location_text": "Pyidaungsu overbridge near Sanpya Market, Thingangyun Township, Yangon Region",
        "geometry_missing_reason": "Official report provided a textual location but no coordinates; no geocoded estimate was added.",
        "retrieved_at": "2026-08-17T13:42:17+00:00",
        "is_stale": true
      }
    }
  ]
}
